Team,AdjOE,AdjDE,BARTHAG,EFG%,EFGD%,TOR,TORD,ORB,DRB,ADJ T,Season,WAB
UC Santa Barbara,113.639,109.969,0.593267,54.7,52.6,18.7,16.8,31.0,25.5,64.3273,2026,-9.11903
Arkansas Pine Bluff,104.909,115.819,0.242735,50.0,52.6,18.7,16.5,27.9,34.2,69.2808,2026,-12.9109
Toledo,114.557,111.179,0.585215,54.5,54.3,14.7,17.8,29.5,33.7,67.8534,2026,-9.01815
Indiana,121.911,102.074,0.885169,56.1,49.0,15.1,15.1,26.9,29.3,66.1992,2026,-0.396959
Louisiana,101.542,111.818,0.24812,47.1,52.6,16.8,18.3,28.3,32.3,63.2705,2026,-16.9768
Central Michigan,106.503,113.569,0.323266,51.8,54.0,18.1,17.0,29.2,34.3,67.0557,2026,-15.4189
Brown,97.7929,107.97,0.242586,48.6,51.3,19.5,18.7,29.0,30.0,66.6887,2026,-14.5356
Wright St.,112.362,109.022,0.585886,54.4,52.1,16.3,16.5,33.2,29.2,66.9769,2026,-6.55935
UC Irvine,104.483,98.6499,0.659407,49.7,45.4,17.9,18.5,31.1,31.5,68.1569,2026,-5.84885
Montana,107.158,107.027,0.503505,55.8,50.5,19.6,14.3,20.7,29.6,69.4994,2026,-10.0229
UAB,108.516,106.014,0.566681,48.4,50.0,12.5,16.1,32.5,27.7,69.3063,2026,-6.16937
Tulane,107.489,110.072,0.432154,49.4,50.7,15.4,17.1,22.8,35.8,66.8556,2026,-9.07626
FIU,107.686,108.556,0.476869,50.6,52.9,17.7,20.1,33.9,34.8,71.6118,2026,-11.4497
BYU,124.75,104.321,0.88661,54.7,51.2,15.3,16.5,34.6,29.3,69.7791,2026,4.55687
Illinois Chicago,109.619,103.854,0.650519,49.7,49.9,17.6,19.6,36.5,32.1,66.2765,2026,-8.56275
Xavier,117.258,109.287,0.692021,51.8,54.1,13.9,15.5,26.5,29.5,70.3106,2026,-4.96877
Charlotte,112.874,113.502,0.484058,53.4,50.9,18.1,13.6,33.9,32.5,63.3802,2026,-10.1739
Canisius,95.5632,113.985,0.116371,46.3,52.2,19.6,16.0,29.3,29.8,64.0593,2026,-17.6122
Wake Forest,117.882,105.641,0.779185,52.6,52.0,15.4,17.8,29.7,32.9,68.2902,2026,-2.85247
Florida Atlantic,109.554,105.614,0.603768,52.2,49.5,17.6,15.5,31.6,28.3,69.8134,2026,-8.28138
Northeastern,106.906,118.47,0.234835,52.4,56.4,16.4,16.8,27.3,30.2,69.7416,2026,-19.2001
Robert Morris,109.962,108.903,0.527795,54.9,50.0,18.6,15.9,37.5,28.8,64.5429,2026,-6.67031
Seattle,102.617,96.4532,0.670919,49.4,48.3,17.0,21.1,24.6,31.8,67.7283,2026,-5.34826
Villanova,119.597,100.543,0.880348,53.7,51.3,15.1,18.7,32.4,31.7,64.9464,2026,3.95143
Howard,103.481,106.233,0.425106,50.6,47.4,19.8,21.3,36.6,32.0,69.0479,2026,-6.86156
Utah St.,123.026,102.091,0.895213,56.6,49.6,15.4,20.6,33.1,32.2,67.5537,2026,4.00133
Marist,99.5823,102.458,0.418885,49.3,45.6,16.9,19.5,29.1,28.3,66.2205,2026,-9.25719
Portland St.,103.062,102.618,0.512386,50.6,48.8,16.9,18.0,30.0,26.4,67.7848,2026,-6.25969
Denver,114.966,121.37,0.349009,53.6,56.0,14.3,13.0,29.8,32.8,68.0468,2026,-10.9015
Cal St. Northridge,108.926,108.902,0.500632,51.3,51.6,17.5,16.4,31.9,26.6,73.4558,2026,-8.20355
Maryland,111.755,105.904,0.649864,48.1,54.4,18.6,14.9,33.8,29.1,66.2915,2026,-5.42253
Rice,108.985,112.554,0.408406,48.5,51.0,17.9,15.7,35.3,34.6,65.6228,2026,-12.2713
Abilene Christian,99.8491,107.025,0.310431,47.5,56.5,20.8,23.4,31.0,29.1,67.4417,2026,-12.6839
Rider,96.3146,120.591,0.0701085,42.8,55.2,16.9,15.3,32.6,32.8,65.6727,2026,-19.6833
Boston College,103.718,101.502,0.561798,47.0,48.9,15.4,14.9,28.3,28.6,65.9592,2026,-10.0017
Arizona,126.931,91.3908,0.977638,55.1,45.0,15.1,16.7,38.1,26.9,70.0266,2026,13.6738
Penn St.,113.76,111.727,0.551658,53.0,58.4,15.6,17.7,25.9,31.1,67.5166,2026,-7.17059
Hawaii,106.87,101.839,0.635179,52.0,46.4,18.9,16.9,31.4,25.0,69.581,2026,-3.7283
San Diego,108.482,112.281,0.402307,51.2,54.7,17.5,18.9,28.1,34.5,68.136,2026,-13.4058
UC Davis,106.953,106.668,0.507665,51.8,51.7,17.9,19.8,25.2,30.5,68.869,2026,-8.39804
LSU,118.829,106.743,0.774427,52.8,50.9,15.6,13.9,33.1,31.7,66.5863,2026,-4.33305
Fresno St.,106.968,103.814,0.585198,50.6,51.5,18.1,18.2,27.9,30.6,68.2815,2026,-10.2788
UMKC,93.2011,117.496,0.0651376,45.7,56.3,18.2,16.4,26.4,35.9,69.7326,2026,-21.4882
Baylor,123.409,106.582,0.843668,53.8,52.5,16.5,16.1,37.5,32.2,67.835,2026,-2.1737
Oral Roberts,102.344,113.984,0.224643,49.7,53.6,18.5,14.7,28.4,31.8,67.7258,2026,-17.5669
Ohio,108.282,113.172,0.375666,50.9,53.0,15.5,16.1,28.4,32.8,68.8702,2026,-11.5455
Winthrop,110.379,111.018,0.483411,49.7,51.4,14.7,16.7,34.1,27.7,69.9177,2026,-5.63765
Northern Illinois,95.7079,113.779,0.120359,47.6,55.6,21.8,16.3,30.3,30.0,67.4827,2026,-15.4015
Georgia Tech,106.887,106.567,0.508634,50.0,49.9,18.6,15.6,29.9,30.7,70.9039,2026,-9.6825
Kent St.,110.652,110.04,0.515945,51.9,52.1,18.1,16.4,35.8,29.6,70.5666,2026,-3.87098
High Point,115.692,107.507,0.699266,54.7,50.1,13.0,21.9,32.1,31.7,69.8891,2026,-1.42379
Weber St.,111.067,113.809,0.430357,51.7,54.5,15.7,16.3,31.8,27.7,68.5355,2026,-10.6351
Maine,92.2543,111.858,0.0983341,49.6,50.6,19.1,19.4,19.7,34.3,64.7466,2026,-20.5965
Radford,106.361,113.218,0.327741,51.3,53.0,17.1,18.5,29.8,32.2,70.6754,2026,-11.8157
Kansas,117.818,94.3614,0.927784,51.6,45.2,15.5,14.0,29.5,30.1,67.6097,2026,6.2764
SMU,123.013,104.992,0.860766,55.7,51.4,15.9,17.1,35.4,31.6,68.6221,2026,-0.0122855
Richmond,110.444,110.498,0.498591,52.7,52.0,14.3,17.7,25.0,31.0,67.5743,2026,-10.9254
Providence,120.863,109.167,0.76323,55.0,51.4,16.7,13.1,31.7,30.8,71.3269,2026,-5.08408
Louisville,124.034,98.1689,0.936403,56.4,48.8,16.4,16.7,32.9,26.9,69.7123,2026,4.00758
Davidson,110.132,103.675,0.667046,52.6,50.4,16.1,17.8,28.6,30.4,63.5704,2026,-5.79122
North Florida,106.906,123.761,0.156616,52.9,56.3,17.9,12.7,25.2,37.6,70.5049,2026,-18.9896
Missouri St.,109.303,111.708,0.437747,51.1,52.0,16.7,16.9,32.0,32.1,65.2676,2026,-12.9424
Vanderbilt,127.474,99.3598,0.94611,55.3,48.8,13.3,17.9,31.2,31.6,68.9818,2026,7.30917
Washington St.,114.323,110.452,0.597749,54.7,52.6,18.4,14.6,29.5,28.2,67.8847,2026,-11.3154
Akron,117.195,105.376,0.772507,58.5,50.6,15.5,18.4,33.5,29.9,70.3207,2026,-0.193485
Bowling Green,105.968,105.116,0.523187,51.8,51.0,16.5,18.4,28.7,26.9,68.2338,2026,-9.6626
Memphis,107.893,104.804,0.582753,48.7,48.7,18.9,18.5,35.3,35.6,69.961,2026,-9.62959
Central Arkansas,109.601,108.067,0.540456,54.0,54.9,15.4,19.0,28.8,27.4,67.9099,2026,-6.56392
Murray St.,115.136,112.202,0.573664,53.8,52.3,16.2,16.0,33.0,31.3,71.7907,2026,-5.4067
American,105.24,112.212,0.323523,51.5,54.4,15.6,19.2,26.9,29.4,66.7386,2026,-11.6007
Notre Dame,115.013,107.378,0.687825,52.3,51.8,17.0,14.0,31.2,26.7,66.0417,2026,-5.61213
Creighton,114.893,105.329,0.730969,53.1,51.1,16.5,14.0,27.5,29.7,67.3546,2026,-4.00924
Duke,128.158,90.8058,0.981334,56.8,46.2,15.7,18.1,38.1,24.8,65.8029,2026,13.6783
Indiana St.,105.892,108.756,0.42387,52.8,50.2,19.5,14.9,26.2,31.8,68.213,2026,-14.6763
UCLA,124.556,101.784,0.91068,53.9,50.4,13.4,18.1,31.1,32.4,64.6877,2026,3.62387
Pacific,110.452,104.075,0.664597,52.2,50.0,20.1,15.1,35.3,25.0,64.396,2026,-6.80239
Texas A&M,119.858,101.429,0.872123,54.2,50.8,14.6,18.3,32.3,32.5,71.0159,2026,1.60408
North Texas,103.116,101.197,0.553797,46.0,48.4,16.7,21.3,33.5,32.4,64.982,2026,-7.34328
Nevada,114.501,103.804,0.755449,49.7,51.0,14.9,17.4,32.1,27.2,66.046,2026,-1.94428
UTSA,100.523,118.128,0.135185,44.8,53.3,17.5,14.7,30.2,38.7,68.5894,2026,-18.7025
Mississippi Valley St.,91.1195,120.936,0.0371293,45.2,55.5,21.9,17.1,26.4,35.5,67.1984,2026,-24.836
Gardner Webb,95.4189,122.101,0.0554291,47.8,56.9,19.8,15.3,23.2,36.6,69.5975,2026,-23.1862
Prairie View A&M,101.454,111.36,0.255141,47.9,50.4,16.0,19.1,27.1,34.8,70.869,2026,-12.5495
Chattanooga,105.324,118.39,0.206719,54.2,51.7,14.4,13.2,21.8,31.7,67.0498,2026,-15.3494
Georgia Southern,110.007,115.881,0.354739,51.4,52.3,14.6,18.7,28.8,35.2,70.0999,2026,-11.9806
Northern Arizona,105.651,119.304,0.198197,51.7,56.9,16.0,16.6,23.3,33.4,63.7857,2026,-16.691
Nebraska,117.207,93.4953,0.93082,55.4,47.8,14.4,19.2,26.3,27.7,66.8209,2026,7.46527
Yale,118.858,110.425,0.699802,56.1,52.0,14.0,16.4,33.8,29.2,64.6575,2026,-1.46144
Tennessee Martin,97.966,105.532,0.298282,48.7,46.1,21.4,20.0,37.0,32.0,64.2961,2026,-7.96137
Morehead St.,106.384,117.647,0.239173,49.2,50.2,18.0,15.4,35.8,35.8,65.3322,2026,-9.05495
Tennessee,121.492,95.5174,0.940821,51.6,47.7,17.1,16.3,45.1,27.9,65.2248,2026,4.12517
Texas St.,104.437,109.601,0.364697,50.0,52.0,18.6,18.5,33.9,28.4,66.1456,2026,-9.74589
Jackson St.,100.941,118.208,0.139924,45.7,53.0,19.4,16.5,29.7,37.2,69.5775,2026,-13.9401
Mississippi,114.059,101.694,0.789129,50.4,50.5,14.0,16.4,28.3,32.6,66.0708,2026,-4.44463
Wyoming,115.102,107.377,0.689738,52.0,52.2,16.4,16.7,34.7,27.5,66.0504,2026,-5.33149
Minnesota,115.956,102.132,0.811499,54.2,51.9,16.6,17.1,27.2,29.8,62.6501,2026,-3.92575
Illinois,131.945,98.2147,0.967553,55.1,47.6,13.2,11.6,38.7,27.0,65.7183,2026,6.56941
LIU,103.643,109.78,0.340406,53.3,49.8,19.0,18.9,34.3,32.6,67.8289,2026,-5.76905
UTEP,101.133,109.665,0.282638,48.3,51.5,17.4,18.0,26.2,32.8,65.2357,2026,-14.8349
Loyola Chicago,103.214,112.323,0.274362,49.8,52.0,19.8,12.9,30.5,29.7,65.7644,2026,-16.0351
Texas,124.028,106.396,0.853635,54.2,51.2,15.3,13.4,35.7,26.9,67.0987,2026,-0.201561
Maryland Eastern Shore,93.1341,116.463,0.0710503,47.8,50.7,23.8,17.9,32.4,33.6,63.27,2026,-17.6574
Western Illinois,92.8387,123.395,0.0365412,44.5,54.2,17.5,14.9,27.0,34.8,66.4794,2026,-23.0375
Fairleigh Dickinson,100.571,119.011,0.126081,47.1,55.2,18.1,16.1,32.0,27.3,64.0533,2026,-16.7258
Cornell,119.762,119.043,0.517314,58.5,55.9,16.0,15.1,30.2,30.6,71.408,2026,-8.33426
West Virginia,108.499,96.5991,0.791827,51.1,48.3,17.5,18.1,31.0,29.0,62.4629,2026,-1.87982
Oklahoma,125.198,105.858,0.87321,55.1,51.2,14.4,15.3,33.6,33.0,66.1495,2026,-0.466977
Queens,114.679,117.113,0.439923,56.6,54.0,14.8,15.0,30.4,33.0,69.5022,2026,-6.95807
Southern Illinois,102.485,99.336,0.588783,49.2,49.0,17.0,18.5,30.9,27.3,68.9853,2026,-9.52134
San Diego St.,112.214,96.1488,0.855308,52.7,48.2,17.2,20.3,29.5,31.1,68.5987,2026,-0.0794197
Nebraska Omaha,106.08,112.618,0.33452,52.2,52.7,16.1,14.1,25.5,28.7,67.1099,2026,-12.3046
East Texas A&M,100.628,111.499,0.235102,49.2,52.9,19.2,17.0,25.7,32.8,68.3885,2026,-14.9893
DePaul,106.764,100.018,0.679317,49.8,49.3,17.8,18.6,30.0,31.1,66.4607,2026,-5.14178
UT Rio Grande Valley,111.311,106.518,0.623906,54.8,47.8,18.5,16.3,28.2,32.1,66.396,2026,-8.14948
Chicago St.,99.9123,118.649,0.121682,45.3,56.7,15.6,20.1,28.3,35.0,65.6422,2026,-19.2469
South Dakota,104.341,113.818,0.268986,49.9,54.5,16.6,15.9,28.7,30.3,69.9607,2026,-11.5539
Montana St.,110.945,107.362,0.593268,53.6,51.7,14.7,15.7,27.0,28.2,65.8985,2026,-8.13578
Oklahoma St.,118.546,107.248,0.75984,52.1,52.9,15.9,16.0,31.3,30.7,72.1759,2026,-0.815862
Wagner,101.987,115.095,0.199325,49.6,50.4,18.5,14.9,32.8,29.6,65.4803,2026,-13.4748
Bethune Cookman,104.119,108.6,0.381168,51.0,49.7,19.2,15.8,30.1,31.7,68.9906,2026,-8.47444
Wofford,108.118,117.043,0.28656,52.5,53.8,13.4,14.9,29.8,29.0,67.8368,2026,-9.46915
Cal Poly,109.452,113.305,0.401819,51.5,53.8,19.9,16.2,30.0,29.6,74.0999,2026,-12.4358
Towson,104.12,104.873,0.47929,46.5,48.5,15.9,15.1,36.0,29.1,63.3989,2026,-8.99441
Delaware St.,88.3561,114.479,0.0484002,42.9,52.9,19.9,19.5,27.7,32.0,65.4907,2026,-19.735
Norfolk St.,101.18,118.277,0.142401,49.3,51.7,18.7,18.8,32.5,32.3,68.1197,2026,-13.3937
Vermont,104.83,112.455,0.308425,53.1,50.4,14.3,14.8,26.2,23.0,64.7046,2026,-9.42558
Liberty,117.547,112.955,0.612611,59.8,53.1,13.7,17.2,19.1,32.6,63.8977,2026,-2.18381
UNC Wilmington,110.654,106.815,0.600138,50.9,47.2,15.0,15.0,35.4,26.7,64.8972,2026,-2.79054
Le Moyne,100.767,113.552,0.202025,52.7,49.3,19.1,15.0,25.2,29.1,69.467,2026,-13.7871
Presbyterian,102.409,112.518,0.253007,51.0,51.2,19.3,15.7,33.1,30.6,64.1967,2026,-13.7388
Michigan,127.651,91.0411,0.979903,58.1,44.7,16.7,15.5,35.4,27.7,71.2159,2026,14.0041
Bellarmine,114.987,127.763,0.2294,59.4,59.4,15.5,15.0,22.4,34.2,64.5961,2026,-14.3895
East Carolina,103.612,111.276,0.305619,46.4,52.3,17.1,16.2,33.4,32.5,68.6552,2026,-13.8194
Northwestern,116.455,103.747,0.790648,51.7,51.0,13.0,17.5,28.1,34.7,65.1055,2026,-3.65244
Eastern Illinois,96.6895,112.649,0.147178,45.7,50.8,18.6,19.3,28.2,35.2,65.6401,2026,-15.1792
Buffalo,111.246,115.732,0.38828,55.4,55.1,16.1,17.9,27.1,31.1,66.4521,2026,-10.4175
Northern Kentucky,108.939,110.154,0.468156,53.2,54.2,16.3,18.6,32.2,31.6,70.0032,2026,-9.60962
Valparaiso,107.554,107.238,0.508469,47.6,50.5,15.7,16.9,32.5,30.1,65.1111,2026,-8.28365
Mercyhurst,101.311,111.493,0.249492,49.5,50.1,14.3,18.7,26.4,29.9,64.5885,2026,-13.2868
Elon,108.007,116.386,0.297487,52.2,54.0,15.9,16.4,32.2,33.5,66.8303,2026,-13.2336
Appalachian St.,105.333,106.996,0.455082,49.9,47.5,15.3,14.0,32.0,29.0,62.9813,2026,-9.15414
West Georgia,102.136,113.192,0.234701,49.6,53.4,15.9,14.7,31.5,29.0,69.0646,2026,-12.4493
Cleveland St.,109.641,123.593,0.201404,54.2,57.2,17.8,15.1,27.0,36.6,69.5997,2026,-16.8956
Mississippi St.,112.859,105.538,0.683792,51.5,50.9,16.1,12.8,29.8,30.7,69.4975,2026,-5.57588
Utah Tech,111.237,112.714,0.462145,53.3,50.9,17.6,16.9,28.1,34.5,66.4423,2026,-8.12777
St. John's,119.803,94.0932,0.941475,51.0,47.4,14.7,19.4,35.9,30.2,69.6038,2026,7.27093
Long Beach St.,104.256,110.787,0.332091,50.6,53.7,18.0,17.5,26.2,27.8,68.421,2026,-15.6947
Samford,107.771,113.851,0.347231,53.1,51.9,13.4,13.0,25.3,25.7,67.3379,2026,-9.76389
Eastern Washington,113.161,112.104,0.526961,53.7,54.9,17.7,16.2,31.3,30.8,67.8043,2026,-12.0953
Kansas St.,112.746,105.647,0.678738,53.3,52.5,17.4,17.1,29.2,33.9,72.6722,2026,-6.6452
Pepperdine,105.67,113.257,0.310585,47.6,54.2,18.3,16.5,29.1,34.0,68.3865,2026,-15.0789
Charleston,106.73,108.717,0.44717,50.5,49.2,15.7,14.7,29.9,32.3,67.7279,2026,-6.24435
UC San Diego,106.249,102.234,0.608951,52.6,48.4,16.5,16.8,26.1,27.0,67.1955,2026,-5.84308
Grambling St.,96.3191,107.281,0.224519,48.8,50.0,21.2,20.8,30.3,32.5,67.5129,2026,-14.8461
Texas Southern,102.067,114.275,0.214293,49.7,52.5,18.5,16.5,28.8,31.2,68.6677,2026,-12.9665
Central Connecticut,104.459,117.436,0.206428,51.6,50.2,16.2,14.0,27.5,30.4,64.8418,2026,-9.43512
VMI,98.7482,124.509,0.0650225,47.6,57.0,15.3,15.7,25.6,37.2,66.8284,2026,-22.3354
Auburn,124.177,105.842,0.862616,52.3,53.6,14.7,16.3,37.6,32.1,67.352,2026,0.192333
New Orleans,108.644,111.123,0.435519,49.6,49.0,20.5,14.9,35.6,34.5,69.7569,2026,-10.5702
Idaho St.,108.795,116.942,0.303566,51.8,54.5,17.0,14.7,32.8,27.9,65.2315,2026,-14.1082
Columbia,107.857,110.765,0.424094,53.5,51.2,19.3,15.0,36.1,27.2,66.8197,2026,-7.77355
IU Indy,106.146,117.488,0.237308,52.2,58.2,15.9,19.2,28.7,35.6,73.6701,2026,-20.0373
Western Carolina,109.357,113.974,0.383302,50.4,54.9,16.8,14.5,35.4,26.3,67.8963,2026,-10.713
Eastern Kentucky,108.567,120.919,0.224577,52.1,56.1,16.9,14.8,32.5,31.7,67.2466,2026,-16.5314
Penn,106.558,105.393,0.531553,50.3,51.7,15.4,17.8,30.3,30.5,69.0243,2026,-5.99711
South Carolina St.,95.4139,117.386,0.0844562,46.8,53.9,20.8,18.8,31.4,37.6,68.8466,2026,-17.4188
Idaho,108.827,106.174,0.570481,51.9,50.3,15.0,15.2,28.9,24.2,67.4242,2026,-8.85448
Stony Brook,105.207,110.188,0.370036,50.2,50.7,16.8,17.1,28.0,32.4,66.1707,2026,-10.6731
Evansville,102.35,114.29,0.219447,49.3,55.1,19.1,15.4,22.0,30.2,66.9555,2026,-17.6696
Saint Peter's,103.217,109.786,0.329708,46.4,48.1,17.7,20.0,37.0,34.7,65.4638,2026,-8.39186
Virginia,122.257,95.8398,0.942655,54.6,45.3,16.0,15.6,37.9,29.2,65.5776,2026,7.77207
UCF,119.998,105.69,0.811553,52.8,52.4,15.7,15.8,34.4,28.5,69.1161,2026,2.12936
Drexel,102.63,105.136,0.431078,50.7,47.1,19.0,16.4,31.2,31.0,64.1947,2026,-11.7987
Charleston Southern,104.866,112.231,0.314182,54.1,46.9,18.5,12.8,29.4,30.3,71.5742,2026,-13.3221
Northern Iowa,109.77,98.5687,0.775178,54.2,47.2,14.6,18.1,22.0,26.3,62.1869,2026,-5.26859
South Carolina,111.767,104.634,0.681016,50.3,51.6,14.5,14.6,27.2,32.1,66.3026,2026,-6.13697
Lamar,102.752,110.064,0.312062,47.8,50.9,18.1,17.3,35.7,29.4,65.374,2026,-14.1146
Kentucky,119.911,99.9761,0.89002,53.1,48.8,15.0,15.8,33.8,30.1,68.3193,2026,3.30193
Lafayette,100.428,115.395,0.168324,49.3,53.6,15.3,15.1,25.8,28.6,66.8135,2026,-17.0905
VCU,119.284,103.042,0.843344,54.1,48.9,15.2,17.2,32.3,29.9,68.681,2026,1.72063
Wisconsin,127.184,101.645,0.929409,54.5,51.3,12.8,14.4,29.4,28.2,68.694,2026,5.38577
Alabama,129.513,102.8,0.934411,55.4,49.2,13.0,12.6,31.8,32.8,73.0592,2026,6.55704
Tennessee Tech,101.795,117.211,0.164981,48.9,51.5,19.1,15.1,31.3,30.7,67.0445,2026,-14.6146
NJIT,97.2965,112.038,0.164872,46.7,50.0,17.1,16.2,26.2,32.1,68.0487,2026,-12.4155
North Alabama,99.893,117.973,0.128631,48.0,55.2,17.5,14.5,31.2,32.2,64.8243,2026,-17.0855
Alabama A&M,104.303,116.821,0.213598,49.2,52.1,16.5,16.6,27.5,29.5,65.228,2026,-11.6027
Cal Baptist,107.494,100.31,0.688994,48.6,46.4,18.1,17.1,37.8,27.2,65.9312,2026,-2.29221
Dartmouth,104.534,113.464,0.280361,51.8,52.7,17.6,13.8,23.7,29.7,69.539,2026,-11.5772
La Salle,105.97,109.663,0.402753,45.4,55.0,18.2,17.1,33.7,32.4,65.76,2026,-14.822
Tulsa,120.955,108.26,0.781618,56.5,49.9,15.2,15.5,32.0,29.0,67.7787,2026,-0.99663
Incarnate Word,108.597,118.075,0.27643,50.2,54.5,17.2,15.7,32.1,32.0,65.4575,2026,-13.7448
St. Thomas,113.944,107.912,0.651483,59.4,50.9,13.8,17.1,22.3,27.1,68.3885,2026,-4.97745
Grand Canyon,111.092,97.5594,0.816652,51.7,47.4,17.6,17.3,31.3,25.3,68.013,2026,-3.09773
Michigan St.,122.919,96.1855,0.943765,53.6,48.6,17.1,14.8,38.5,22.6,65.9808,2026,7.45371
Cal St. Fullerton,107.599,109.686,0.444981,51.4,54.3,15.2,19.5,24.6,28.3,72.8752,2026,-9.33561
Southeastern Louisiana,99.3828,110.178,0.233998,46.7,52.4,18.4,19.1,28.6,31.4,65.4255,2026,-16.5234
UC Riverside,103.616,110.671,0.319208,48.9,52.7,19.0,15.5,27.8,30.0,68.4678,2026,-15.2753
Clemson,116.563,97.0037,0.892103,52.6,48.9,14.2,17.5,28.1,25.7,64.2733,2026,3.1863
Colorado,118.017,106.815,0.758956,53.2,52.9,14.5,15.4,29.0,29.8,68.609,2026,-2.66244
Coastal Carolina,101.793,107.457,0.349158,47.9,46.8,15.2,12.3,26.9,27.6,67.0828,2026,-8.93375
North Carolina A&T,104.37,117.173,0.209052,50.7,52.9,18.6,14.1,31.7,28.6,68.5207,2026,-15.1841
Washington,116.768,102.216,0.822096,51.2,50.2,15.3,14.3,34.6,28.5,67.0562,2026,-2.95712
Colorado St.,118.249,109.143,0.71534,58.0,53.1,18.6,15.3,30.0,29.0,62.9824,2026,-2.94852
UMBC,107.582,109.233,0.456326,53.9,49.2,14.1,15.2,25.1,25.6,66.0071,2026,-5.10862
Louisiana Monroe,101.113,122.305,0.100816,47.8,57.1,16.9,15.7,25.1,35.4,70.2508,2026,-23.1648
The Citadel,99.9996,120.644,0.103562,49.5,57.5,16.3,14.7,27.9,31.5,64.1805,2026,-18.5032
Hofstra,113.17,104.895,0.70541,51.5,45.9,16.1,15.0,34.9,30.5,64.7138,2026,-4.65975
UMass Lowell,102.675,117.136,0.180166,49.8,53.5,18.0,14.2,32.7,29.4,69.3194,2026,-13.6519
South Alabama,107.142,109.289,0.443204,52.7,50.0,13.2,18.2,25.2,31.3,64.6232,2026,-7.49229
Butler,117.234,105.589,0.769084,50.9,51.9,15.9,15.1,34.6,30.0,68.8998,2026,-4.17257
SIU Edwardsville,98.8756,106.355,0.301833,49.5,45.6,17.9,17.0,30.1,31.6,64.4167,2026,-10.612
Northern Colorado,112.289,109.807,0.563894,55.7,50.1,15.4,12.4,27.2,24.2,68.4618,2026,-7.04678
Iowa,122.127,100.204,0.906819,56.6,52.7,15.2,21.0,30.1,28.0,63.0271,2026,1.95729
Florida A&M,98.8439,109.394,0.237522,49.2,51.2,21.5,19.1,30.9,30.9,67.9808,2026,-11.8007
TCU,114.852,99.6424,0.836672,50.9,51.0,15.5,19.7,34.4,29.2,67.5796,2026,2.38285
Middle Tennessee,109.686,109.116,0.514959,51.6,51.0,17.1,15.0,30.7,28.5,65.5498,2026,-8.79472
Oregon,111.795,103.517,0.707805,49.5,50.9,17.6,15.7,32.3,32.3,65.9328,2026,-6.26044
Harvard,105.351,105.146,0.505614,53.2,50.4,17.4,17.1,26.8,28.2,63.1221,2026,-7.54012
Florida,126.093,92.2727,0.973172,53.5,46.3,16.5,15.4,43.2,24.8,70.3985,2026,8.54139
Saint Joseph's,108.386,101.331,0.684371,49.3,47.6,16.9,15.2,31.4,30.9,67.9636,2026,-4.00963
Saint Mary's,119.365,97.5471,0.910624,52.9,46.7,16.4,15.2,37.6,23.8,65.3021,2026,4.01784
Texas A&M Corpus Chris,104.053,105.276,0.466472,49.5,50.1,19.4,19.0,31.7,28.8,65.9267,2026,-9.04158
Ohio St.,125.21,101.587,0.917159,56.5,50.3,15.4,15.8,30.8,30.0,66.1615,2026,2.89961
Florida St.,119.438,103.955,0.83155,52.3,52.2,15.2,19.0,30.8,34.1,70.6082,2026,-1.7597
Seton Hall,108.757,96.3265,0.801515,47.6,47.3,16.7,21.5,35.6,31.9,65.1567,2026,-0.253708
North Carolina,121.413,100.006,0.902966,54.6,48.2,14.0,13.6,31.4,28.1,67.9856,2026,4.93088
Houston Christian,101.635,113.892,0.212569,49.7,54.2,18.9,17.6,29.9,32.5,64.1066,2026,-14.9365
Lehigh,102.587,112.783,0.251678,53.3,50.6,17.5,16.3,22.8,31.7,66.869,2026,-12.0327
Navy,106.467,105.423,0.528297,53.2,48.0,16.8,18.3,31.6,26.9,65.1672,2026,-4.2249
Saint Francis,100.549,122.461,0.0938818,48.9,58.9,18.4,18.4,27.5,33.1,69.9872,2026,-19.3917
Santa Clara,125.006,103.75,0.895045,54.6,51.8,15.6,20.1,36.7,32.3,69.2574,2026,2.15057
Loyola Marymount,106.469,105.43,0.528141,51.8,48.9,17.5,16.6,26.7,32.0,67.1949,2026,-10.1376
Delaware,105.68,115.094,0.272628,53.3,51.5,18.2,14.0,20.8,31.1,63.1405,2026,-16.0903
Miami OH,116.679,107.593,0.717547,59.2,50.8,14.5,17.5,25.3,28.1,69.9417,2026,2.46375
New Mexico,116.445,102.128,0.81887,53.6,49.6,15.3,19.1,30.3,27.6,69.8293,2026,-0.39063
Coppin St.,91.7062,119.468,0.0455942,45.9,55.4,22.3,17.5,30.4,34.8,68.5691,2026,-19.1723
Temple,111.719,110.147,0.540644,50.2,50.7,13.7,15.5,29.8,30.3,64.8978,2026,-10.282
Monmouth,106.36,106.733,0.489939,49.6,50.1,16.6,19.9,31.2,32.8,66.8922,2026,-9.97941
Southern,106.101,113.428,0.316925,49.1,53.2,16.5,18.6,31.4,31.3,69.7975,2026,-10.9465
Southern Miss,104.618,108.832,0.388381,49.0,51.4,18.4,17.8,32.5,28.8,69.0918,2026,-10.9466
California,113.772,102.155,0.775329,52.2,49.6,15.0,16.1,25.8,30.3,67.8607,2026,-0.611677
Georgia St.,99.3106,112.07,0.199396,44.2,50.6,15.9,16.4,27.7,33.6,67.9213,2026,-17.7038
Miami FL,121.088,101.45,0.884413,55.6,51.7,16.2,18.4,37.0,26.3,67.9297,2026,3.85792
Georgia,124.353,104.766,0.877719,54.6,50.1,14.3,18.4,35.2,34.9,72.0259,2026,2.61027
North Dakota,106.691,115.392,0.288734,49.4,56.5,14.1,19.4,27.4,32.4,67.318,2026,-11.2999
Princeton,104.981,112.376,0.313725,49.6,52.0,17.1,14.3,27.2,28.5,63.8596,2026,-14.929
Saint Louis,119.508,102.252,0.857325,59.7,44.8,17.4,16.1,31.1,27.0,71.0139,2026,1.88031
Arizona St.,115.214,102.338,0.79623,51.1,52.4,17.1,18.5,29.8,34.9,69.2142,2026,-0.946868
Purdue Fort Wayne,104.949,113.353,0.291969,52.6,56.1,14.5,19.1,22.9,34.5,67.7071,2026,-9.29157
Iona,104.003,110.876,0.323896,51.9,48.9,17.2,16.6,27.8,31.2,69.1322,2026,-10.4243
Stetson,105.136,117.871,0.21168,53.1,55.2,18.1,15.1,26.6,31.8,66.7639,2026,-15.8976
Marshall,111.923,115.735,0.404874,54.8,50.3,16.6,16.3,31.9,33.8,69.4026,2026,-8.50919
Eastern Michigan,101.61,107.717,0.338233,49.6,50.3,17.4,15.6,27.8,29.1,66.4768,2026,-14.6889
Niagara,99.8623,117.35,0.135194,50.5,52.8,18.9,16.6,24.8,32.9,62.2263,2026,-18.2855
Campbell,110.39,112.27,0.45162,50.1,53.9,17.6,17.0,33.5,32.0,69.8429,2026,-10.9368
Mercer,110.71,114.005,0.416462,53.1,52.5,15.0,17.0,32.6,33.2,68.9434,2026,-8.5015
Lindenwood,100.181,108.726,0.280638,48.0,49.1,18.7,18.4,33.2,31.8,72.3983,2026,-11.1909
St. Bonaventure,113.14,112.338,0.520435,52.4,53.3,16.8,17.1,34.5,29.8,67.143,2026,-10.0122
Oregon St.,109.399,108.997,0.510576,50.5,50.3,17.7,15.3,26.8,32.1,65.2296,2026,-7.52135
Lipscomb,105.031,111.058,0.344864,54.1,53.2,16.0,17.7,25.8,30.2,69.4522,2026,-7.78513
Kennesaw St.,110.807,109.511,0.533784,50.7,48.5,16.7,16.1,35.5,31.3,71.2667,2026,-7.9699
James Madison,109.071,112.37,0.415157,53.1,49.0,17.3,12.8,30.6,29.5,65.9664,2026,-10.3594
Georgetown,114.008,103.303,0.75657,49.6,49.9,15.8,16.2,32.5,31.5,66.2109,2026,-4.87334
USC Upstate,99.1199,110.809,0.217217,48.3,51.0,18.2,16.4,29.2,31.4,67.5777,2026,-14.2464
Morgan St.,98.8275,121.585,0.0844639,45.8,51.7,17.8,16.5,30.7,35.2,70.4633,2026,-13.0915
New Hampshire,95.5735,116.236,0.0952721,46.7,53.4,16.5,15.8,25.7,26.9,67.3861,2026,-16.4068
Iowa St.,123.763,92.623,0.965546,56.5,49.5,15.1,22.4,35.3,28.1,66.9617,2026,7.40136
Alcorn St.,97.2322,115.685,0.119377,47.7,55.0,19.6,18.1,26.9,35.5,67.9468,2026,-16.3994
Purdue,133.312,100.255,0.963637,57.6,52.3,13.5,15.6,36.3,26.4,64.4364,2026,9.1981
Drake,109.518,113.316,0.403233,51.4,52.6,15.0,14.6,26.6,29.9,67.0782,2026,-13.6067
Marquette,111.773,101.187,0.758463,50.5,50.6,16.0,19.3,29.7,34.7,69.22,2026,-7.4242
Holy Cross,100.663,117.915,0.139544,49.8,54.8,15.3,14.1,21.9,27.0,65.4356,2026,-18.1836
Houston,125.338,92.3903,0.970899,52.1,46.6,13.0,21.0,35.9,30.9,63.3252,2026,9.00602
Hampton,100.66,112.661,0.214971,45.7,52.0,17.0,17.2,32.9,30.0,65.3991,2026,-14.6328
Western Michigan,107.125,117.472,0.257248,49.9,54.4,16.9,13.4,30.5,29.1,67.8024,2026,-15.3756
New Mexico St.,108.105,110.227,0.444343,48.5,48.7,15.0,14.7,32.5,30.3,66.6038,2026,-11.4198
Ball St.,99.024,108.228,0.264618,47.0,52.7,16.2,18.7,27.1,31.0,63.6528,2026,-14.629
Milwaukee,106.064,115.212,0.278604,49.9,55.5,15.2,15.8,33.0,29.2,67.6307,2026,-13.5799
Portland,106.248,108.11,0.45022,51.2,52.7,19.7,17.0,28.1,32.5,68.5009,2026,-10.471
Albany,103.475,117.941,0.181706,51.3,53.2,18.5,15.8,32.7,32.4,65.2751,2026,-17.3486
Tarleton St.,103.333,107.788,0.38098,48.3,53.6,20.0,23.4,31.5,35.1,69.5099,2026,-11.8665
San Francisco,113.268,109.306,0.600968,51.2,50.8,15.8,14.1,31.3,29.0,65.8933,2026,-7.00876
Bucknell,98.796,114.073,0.160635,48.5,54.7,19.0,17.9,27.0,31.3,67.0521,2026,-18.1992
Connecticut,123.093,94.9837,0.951719,55.3,45.7,16.8,18.0,35.7,28.7,64.5828,2026,8.85054
New Haven,95.9603,111.552,0.150407,48.7,51.8,17.8,17.1,21.5,26.8,63.389,2026,-13.1226
Southern Indiana,95.9493,114.591,0.114878,43.7,49.4,17.2,16.4,31.4,33.8,67.7208,2026,-20.3442
Florida Gulf Coast,105.169,111.539,0.337097,52.0,53.4,15.9,16.5,31.1,28.2,67.6092,2026,-13.3973
San Jose St.,112.71,116.564,0.404536,49.7,57.1,15.1,17.4,29.3,36.5,65.0139,2026,-13.946
Utah Valley,112.344,103.603,0.717374,55.1,49.0,20.2,21.2,34.8,31.4,68.6316,2026,-2.68722
Missouri,119.946,103.049,0.851477,55.3,51.4,18.0,16.6,35.5,31.4,66.3797,2026,1.16187
Cincinnati,112.311,93.6938,0.889368,50.5,47.3,17.0,18.2,30.6,27.3,67.6512,2026,-1.98645
South Dakota St.,107.462,111.881,0.386173,52.0,51.8,16.1,14.5,30.3,25.1,67.0159,2026,-12.7189
Boston University,111.697,119.155,0.322301,57.5,53.6,17.8,13.0,28.0,28.0,63.1197,2026,-13.6914
Air Force,95.9037,114.023,0.12024,48.9,56.4,21.9,15.1,21.4,31.3,66.3071,2026,-20.243
Bradley,110.771,107.811,0.577234,51.0,52.6,13.8,19.3,27.3,28.2,67.5068,2026,-5.99054
Troy,110.684,109.018,0.543487,51.9,50.1,17.0,16.9,34.8,31.6,65.0841,2026,-6.14178
Gonzaga,120.31,94.0171,0.944584,56.3,46.2,13.7,20.5,34.8,25.9,68.9324,2026,7.37501
South Florida,116.775,101.382,0.835573,50.9,48.4,15.2,18.8,38.2,31.8,71.4015,2026,-0.246908
Stonehill,91.9875,108.399,0.131486,46.9,47.8,19.4,13.4,27.5,27.1,66.3822,2026,-17.5605
Loyola MD,103.54,119.475,0.161625,50.4,54.7,15.5,15.3,27.6,29.0,68.1978,2026,-16.7762
Belmont,120.111,108.991,0.753472,61.0,49.9,18.1,17.4,28.8,29.2,68.968,2026,-0.593575
Siena,107.205,108.909,0.454789,50.6,48.6,16.0,17.1,31.9,29.0,64.6304,2026,-7.76934
Southern Utah,106.35,114.504,0.299536,50.7,53.2,20.3,14.8,28.8,33.6,70.3699,2026,-15.5361
N.C. State,124.079,104.67,0.876116,55.3,53.0,13.1,18.2,28.5,30.3,69.0919,2026,0.350557
Pittsburgh,112.641,105.56,0.67844,51.0,53.4,17.3,16.2,33.9,28.1,63.6523,2026,-7.20262
Furman,106.918,109.022,0.444191,54.8,50.1,17.8,13.7,31.0,27.5,65.8409,2026,-8.72397
Massachusetts,109.908,110.615,0.481568,53.1,52.9,17.8,16.8,33.3,26.1,70.1662,2026,-11.4346
Mount St. Mary's,99.192,108.268,0.267602,50.6,47.2,22.4,15.3,32.3,29.1,67.7992,2026,-12.4735
Bryant,96.7094,120.146,0.0761743,46.9,52.7,20.2,14.6,27.7,31.0,64.2364,2026,-17.9326
Syracuse,115.147,104.685,0.749404,52.6,50.3,16.0,17.4,29.2,33.6,67.3784,2026,-4.49907
Jacksonville St.,105.293,107.982,0.428015,49.7,49.6,17.0,16.2,29.8,28.0,65.096,2026,-12.8512
McNeese St.,113.156,102.127,0.764827,51.0,48.9,14.3,24.6,35.0,35.0,66.1361,2026,0.71163
Quinnipiac,103.718,107.901,0.388232,48.2,48.9,15.9,17.4,34.1,32.0,70.0962,2026,-8.61546
Rhode Island,104.178,103.299,0.524335,50.1,50.4,19.2,21.1,31.0,31.8,65.838,2026,-9.45217
Detroit Mercy,108.804,110.641,0.45201,49.5,52.2,16.0,14.4,33.3,30.8,68.8115,2026,-9.75769
Sam Houston St.,113.901,107.227,0.666953,52.4,51.0,16.7,16.4,36.0,30.0,70.036,2026,-5.31992
East Tennessee St.,107.844,110.052,0.441995,55.3,51.0,15.2,18.5,28.3,27.9,66.0154,2026,-7.43086
Duquesne,110.821,106.667,0.608098,52.3,52.5,17.6,18.3,30.4,29.6,68.8307,2026,-7.52555
Virginia Tech,117.616,103.121,0.819431,52.2,50.8,14.9,17.2,31.9,32.6,67.1896,2026,-0.826439
North Carolina Central,100.184,122.981,0.0864458,47.5,54.5,18.1,19.9,30.0,39.4,65.7477,2026,-13.1276
North Dakota St.,111.426,106.026,0.639062,53.4,51.5,15.6,18.7,33.6,25.7,66.3569,2026,-3.34527
Northwestern St.,100.646,112.699,0.214031,48.6,53.0,18.3,16.9,26.1,32.6,64.7843,2026,-16.2585
Fairfield,105.369,113.078,0.307469,48.8,51.0,15.3,16.8,35.8,29.1,67.0535,2026,-9.91995
Arkansas,127.938,101.644,0.933748,56.5,51.4,12.3,15.7,32.2,31.2,70.9743,2026,7.54808
Cal St. Bakersfield,101.686,117.324,0.161764,45.7,54.0,18.9,17.9,30.4,35.6,70.041,2026,-18.0549
George Washington,117.392,106.952,0.744806,54.6,52.3,17.9,17.8,36.2,28.1,69.3321,2026,-7.67243
UNC Asheville,103.746,111.328,0.307651,51.0,51.3,17.4,15.5,29.8,31.3,64.8071,2026,-12.6768
Dayton,110.095,100.064,0.750001,51.7,50.9,17.4,21.2,27.0,29.2,67.0188,2026,-1.44975
Stephen F. Austin,112.523,104.059,0.710817,51.7,47.9,14.1,17.6,33.9,28.6,65.7078,2026,-0.860291
Arkansas St.,109.814,108.492,0.534768,51.7,50.3,19.8,14.9,38.2,27.0,72.1473,2026,-7.32647
Army,99.6898,118.476,0.120745,49.3,55.1,17.2,15.4,29.6,27.7,67.1612,2026,-17.3938
Oakland,113.794,114.997,0.469793,52.7,54.7,14.7,15.1,31.3,34.4,69.9907,2026,-8.35608
Southeast Missouri St.,101.083,108.168,0.314537,49.8,48.8,16.9,18.1,29.6,28.2,68.9333,2026,-9.30326
Binghamton,98.4012,123.041,0.0711025,50.0,54.3,18.8,13.3,20.9,29.4,65.5221,2026,-20.4286
George Mason,110.838,105.844,0.629516,53.1,49.4,15.9,15.6,31.1,28.3,63.5743,2026,-2.94962
Old Dominion,106.204,112.451,0.341336,50.7,50.8,15.4,14.5,26.0,30.3,68.8931,2026,-15.4344
Green Bay,113.051,114.312,0.468137,54.9,53.6,16.0,13.2,25.1,29.6,62.9565,2026,-9.67441
UNC Greensboro,107.865,119.029,0.243682,52.0,56.2,15.0,13.7,28.1,29.0,67.6678,2026,-15.1759
Little Rock,101.054,116.775,0.159379,49.4,51.8,18.4,18.5,31.5,36.6,66.4641,2026,-16.3855
Austin Peay,108.66,108.187,0.512535,53.0,52.2,15.4,17.9,29.7,28.9,69.2243,2026,-5.26461
Rutgers,110.92,105.915,0.629733,47.5,53.0,15.1,17.1,29.8,33.1,66.6856,2026,-5.34238
Nicholls St.,104.824,112.018,0.317914,50.6,54.4,17.4,20.5,28.1,33.7,68.2513,2026,-12.7607
Sacramento St.,105.49,114.064,0.289339,47.0,55.0,14.1,17.1,25.2,33.4,71.6553,2026,-14.7154
William & Mary,110.394,109.98,0.510793,54.3,51.9,16.5,19.0,26.0,31.5,72.6402,2026,-7.09934
Colgate,107.386,114.692,0.319304,53.3,52.2,14.6,15.3,26.6,29.3,66.8479,2026,-9.99036
USC,113.096,101.324,0.77971,50.4,49.7,17.4,16.3,32.4,32.2,70.7238,2026,-0.876999
Merrimack,106.147,106.391,0.493415,49.1,46.7,14.8,20.4,24.8,39.9,63.497,2026,-6.31182
UNLV,115.511,109.15,0.657326,53.3,52.6,16.9,17.3,31.0,31.5,69.8694,2026,-6.00846
Illinois St.,109.23,103.456,0.651251,53.6,50.0,16.8,16.4,28.6,25.3,66.8172,2026,-5.75435
Manhattan,103.569,121.638,0.135952,47.9,53.9,15.6,16.7,28.6,37.0,67.9657,2026,-16.2905
Utah,114.851,109.38,0.636751,52.0,53.9,16.7,13.3,29.3,31.6,66.3035,2026,-8.8121
Louisiana Tech,103.232,105.142,0.447472,47.4,48.7,18.3,17.8,36.4,31.6,63.9372,2026,-9.30736
Youngstown St.,106.337,108.289,0.447875,53.7,52.3,18.8,17.8,30.4,30.7,67.2549,2026,-12.5828
Jacksonville,103.443,113.898,0.248395,50.0,54.8,17.2,15.0,31.7,29.1,63.5234,2026,-14.8503
Tennessee St.,107.793,111.859,0.395114,50.1,51.2,16.5,20.0,34.9,29.9,70.1366,2026,-5.64657
Stanford,117.067,103.675,0.801708,51.7,51.2,15.5,18.3,32.3,30.1,66.9974,2026,-0.8761
Longwood,103.037,111.75,0.282196,49.7,53.8,19.1,19.8,34.6,27.7,68.5273,2026,-12.7387
Sacred Heart,106.804,118.559,0.23133,52.0,53.5,17.7,14.5,28.6,30.9,68.3997,2026,-15.2425
Western Kentucky,108.069,108.213,0.496182,47.5,51.2,14.5,17.2,31.8,29.5,69.9028,2026,-8.56895
UT Arlington,101.362,102.622,0.464535,47.2,47.4,20.7,18.0,34.9,30.1,64.813,2026,-8.0584
Fordham,103.211,104.213,0.472252,48.6,49.9,17.2,17.2,34.1,26.8,64.2015,2026,-9.43439
Alabama St.,99.6891,111.704,0.21271,47.1,52.2,18.3,18.7,31.9,31.5,69.2833,2026,-16.5845
Wichita St.,111.321,102.018,0.731751,49.5,47.3,15.0,15.9,38.3,29.3,66.2396,2026,-3.75104
Texas Tech,126.304,98.8127,0.943898,56.2,49.4,15.9,14.7,33.3,30.1,66.4082,2026,5.06556
Boise St.,118.125,103.797,0.815617,52.2,52.7,16.9,14.5,33.2,23.6,65.7426,2026,-2.08268
