AdjOE_diff,AdjDE_diff,DRB_diff,WAB_diff,y
-0.8868999999999971,-1.1744999999999948,2.5,-0.6079800000000004,0
-9.844000000000008,6.665500000000009,-3.1000000000000014,-7.85727,0
-1.4089999999999918,1.3003000000000071,2.8000000000000007,-2.37843,0
4.325000000000003,-3.561300000000003,-4.699999999999996,4.109070399999999,1
15.228000000000009,-15.295199999999994,2.1999999999999993,18.31413,1
14.259999999999991,-11.550200000000004,3.5,10.44023,1
16.405200000000008,-9.689599999999999,-1.9000000000000021,16.57814,1
6.472999999999999,0.8623999999999938,2.3000000000000043,3.0293129999999997,0
-9.369,2.6788999999999987,2.400000000000002,-9.48361,0
-2.0690000000000026,-2.5548,-4.0,2.87225,1
-9.301999999999992,4.2198999999999955,2.0,-11.84705,1
-12.203000000000003,-9.089000000000013,-0.3000000000000007,0.31417500000000004,1
6.778000000000006,4.703800000000001,-4.699999999999996,-0.6831999999999998,1
1.9809999999999945,3.8104999999999905,-0.3999999999999986,-2.4544799999999998,0
-17.123000000000005,4.791399999999996,0.5,-11.85059,0
-6.5,-0.372799999999998,1.6000000000000014,-2.7861,1
2.3670000000000044,1.78840000000001,0.7999999999999972,0.5151399999999999,0
-5.608000000000004,0.754400000000004,5.799999999999997,-1.826641,0
-9.791000000000011,-12.912800000000004,-2.0,3.41797,0
-29.9426,9.078299999999999,-4.9999999999999964,-16.34255,0
4.569999999999993,3.386899999999997,-5.800000000000004,0.44348999999999994,0
7.904000000000011,7.6869000000000085,-3.799999999999997,-0.23339,1
5.7620000000000005,-6.233599999999996,-1.7000000000000028,9.55857,1
-2.3659999999999997,11.795000000000002,5.800000000000004,-5.6946200000000005,0
0.7259999999999991,0.745599999999996,4.600000000000001,0.09741,1
17.376999999999995,-4.619500000000002,-3.1000000000000014,9.62687,1
4.39500000000001,-10.749400000000009,0.0,4.624480999999999,1
0.5109999999999957,-8.897300000000001,2.3000000000000007,5.44613,1
15.028000000000006,-9.869299999999996,0.6999999999999957,12.41324,1
3.978999999999999,5.021000000000001,-2.6999999999999993,-4.535374,0
-12.891999999999996,11.414899999999989,2.6000000000000014,-11.772689999999999,0
-11.308000000000007,2.960499999999996,2.8000000000000007,-5.5352,0
2.149000000000001,1.0956000000000046,-2.6000000000000014,3.2403980000000003,1
-12.325000000000003,-3.941500000000005,-3.0000000000000036,-4.788936,0
2.195999999999998,-6.087500000000006,-5.399999999999999,4.414243,1
-0.7190000000000083,-2.6047999999999973,5.899999999999999,2.64658,1
-7.945999999999998,4.5411,1.9000000000000021,-7.63154,0
11.512,0.2920000000000016,4.899999999999999,7.80678,0
-1.5969999999999942,2.0245999999999924,-0.8999999999999986,-3.46038,1
2.019999999999996,-8.584399999999988,-1.9000000000000057,11.47818,1
-1.8229999999999933,-4.735100000000003,5.0000000000000036,-3.79488,1
-1.9650000000000034,-9.840900000000005,-3.5,1.8159400000000003,0
-1.3299999999999983,8.695999999999998,-1.1999999999999957,-6.693440000000001,0
4.782000000000011,2.9843999999999937,8.399999999999999,-0.18596000000000013,0
8.204999999999998,1.0918000000000063,-4.300000000000004,4.27401,1
3.0360000000000014,3.433000000000007,-2.1000000000000014,-2.20385,0
6.1299999999999955,-3.5623999999999967,5.699999999999996,4.963,1
-5.1200000000000045,-0.5682000000000045,6.0,-6.416379999999999,0
-4.837999999999994,-2.1196000000000055,1.2000000000000028,0.7945499999999996,0
8.745000000000005,1.856100000000012,6.899999999999999,2.88912,0
-0.32399999999999807,3.855400000000003,-4.100000000000001,-3.8505399999999996,0
-2.5160000000000053,-12.813000000000002,1.9000000000000021,6.65935,1
4.234999999999999,-0.8938999999999879,-0.10000000000000142,6.822799999999999,1
4.527000000000001,-3.3676999999999992,2.1000000000000014,3.5160399999999994,1
12.537000000000006,1.4525000000000006,0.49999999999999645,1.8759000000000006,1
-4.030999999999992,-2.9912000000000063,-1.5999999999999979,0.38019000000000025,0
-8.542000000000002,-1.261099999999999,2.8999999999999986,-1.73307,1
7.140000000000001,2.431200000000004,6.600000000000001,2.0914099999999998,0
1.7349999999999994,3.7561000000000035,0.3000000000000007,-0.6532700000000009,1
-1.3799999999999955,6.116,0.9000000000000057,-2.866320000000001,0
4.043999999999997,2.2353999999999985,-3.8999999999999986,-0.3839299999999999,1
3.7109999999999985,4.184400000000011,1.0,-1.13633,0
-4.521000000000001,3.7036000000000087,-0.19999999999999574,-0.3902200000000011,0
-11.974000000000004,0.41509999999999536,-4.899999999999999,-3.7697900000000004,0
-2.067999999999998,4.9099000000000075,-1.8999999999999986,-0.5840742999999999,0
-1.0819999999999936,-5.739000000000004,4.5,2.9062,1
10.250399999999999,-1.0180000000000007,0.10000000000000142,3.81447,1
-4.756,-6.238399999999999,-7.899999999999999,0.21571000000000007,0
2.266999999999996,-0.383899999999997,-0.09999999999999787,-2.7370520000000003,1
-4.858000000000004,8.206099999999992,3.8999999999999986,-11.76726,0
2.2779999999999916,5.646000000000001,5.899999999999999,-1.9073200000000001,0
11.501000000000005,-4.4422,5.100000000000001,8.871030000000001,1
-13.738,5.306299999999993,1.8999999999999986,-11.91462,0
-0.4719999999999942,-0.5277999999999992,-4.900000000000002,-2.722613,1
1.9599999999999937,1.233699999999999,4.899999999999999,-1.8454099999999998,1
-12.078000000000003,5.265000000000001,-3.8000000000000007,-5.277157,0
-6.715000000000003,9.2359,-7.400000000000002,-7.98171,1
19.942999999999998,-5.996399999999994,-7.399999999999999,15.49046,1
4.686999999999998,1.6651000000000096,-1.2999999999999972,-0.03282000000000007,0
7.797999999999988,-11.723100000000002,0.8000000000000007,13.19961,1
2.903000000000006,3.397999999999996,1.5,-0.7271399999999999,0
-0.029999999999986926,0.6631,-2.6999999999999993,0.6640699999999999,0
5.082000000000008,3.4206000000000074,3.0,2.41258,1
-11.423999999999992,-2.955200000000005,5.0,-4.52179,0
-13.915999999999997,-0.7196999999999889,5.800000000000001,-4.550345399999999,0
-26.370199999999997,7.7881,2.6999999999999957,-14.72109,0
-5.102999999999994,-7.994100000000003,1.1999999999999993,-1.2953,1
-2.2609999999999957,-0.6513000000000062,1.1000000000000014,-0.17447999999999997,1
-4.189999999999998,0.3703000000000003,0.1999999999999993,1.4674600000000002,0
-17.817999999999998,13.0214,6.399999999999999,-17.62672,0
-3.206000000000003,-0.519999999999996,-5.5000000000000036,1.8103649999999998,0
3.486000000000004,-0.5185000000000031,-2.9999999999999964,2.67876,1
4.775000000000006,-13.640100000000004,-2.1999999999999957,7.28522,1
20.22200000000001,-1.0625,-3.200000000000003,13.149899999999999,1
23.061999999999998,-13.852699999999999,-5.0,20.76713,1
20.25659999999999,-0.15099999999999625,-4.599999999999998,12.71442,1
11.447999999999993,-4.072000000000003,3.3000000000000007,10.08266,1
-2.402000000000001,-15.0839,-1.3999999999999986,5.041241,1
-0.597999999999999,2.8325999999999993,4.100000000000001,-6.1661,1
8.366,2.0302000000000078,0.1999999999999993,1.6011449999999998,1
7.555000000000007,-1.8854999999999933,0.5,7.868412,0
5.463999999999999,0.8160000000000025,0.3000000000000007,6.887043,1
4.344999999999999,0.9745999999999952,3.1000000000000014,3.54063,1
7.214000000000013,0.839100000000002,-1.5,3.92598,1
3.774000000000001,-1.8533000000000044,-4.800000000000001,2.2395,1
-7.228000000000009,2.2028999999999996,-5.599999999999998,-5.2588799999999996,0
3.5060000000000002,-3.627899999999997,1.1000000000000014,6.5420300000000005,1
10.469999999999999,4.708500000000001,-3.799999999999997,3.65235,1
3.228999999999999,7.987200000000001,-1.4000000000000021,-0.7828400000000002,1
7.769999999999996,-3.3485999999999905,3.900000000000002,7.6715599999999995,1
-19.418000000000006,-10.112800000000007,1.1999999999999993,-6.55301,1
-5.99199999999999,1.5788999999999902,3.6000000000000014,-8.86265,0
-0.21000000000000796,-4.590699999999998,0.29999999999999716,5.394545,0
5.682000000000002,6.476300000000009,1.7999999999999972,-5.5432,0
-13.423999999999992,5.263300000000001,2.900000000000002,-10.50139,0
-2.5600000000000023,7.8293000000000035,6.699999999999999,-8.9077,1
-1.9039999999999964,6.533999999999992,-4.0000000000000036,-4.664759999999999,1
-10.852000000000004,-1.8618000000000023,1.0,-6.013262,1
2.061000000000007,2.6850999999999914,4.300000000000001,-1.9716000000000005,1
-0.7659999999999911,0.1617999999999995,1.5,-2.0073999999999996,1
8.556999999999988,-6.672299999999993,-5.5,8.38435,1
-6.652999999999992,1.522900000000007,2.3000000000000007,-6.52278,1
-2.4950000000000045,-7.133400000000009,-3.1000000000000014,6.692215,1
8.915999999999997,11.873400000000004,5.699999999999999,-3.0410000000000004,1
-4.220000000000013,0.5703999999999922,-1.8999999999999986,-5.611282,1
-2.9080000000000013,-4.388300000000001,4.900000000000002,2.1414100000000005,1
6.6200000000000045,2.696300000000008,0.5999999999999979,-2.1182999999999996,1
8.238,-8.9058,-8.5,12.14725,0
0.42900000000000205,3.901300000000006,8.299999999999997,-1.553498,0
-3.5250000000000057,0.2527999999999935,3.400000000000002,1.59837,1
3.582000000000008,-2.3481000000000023,6.0,7.141642,1
-9.805999999999997,-9.800600000000003,-5.4999999999999964,0.22128300000000004,1
-1.8012999999999977,5.122199999999992,-0.10000000000000142,5.340700000000001,0
-6.879000000000005,-4.692800000000005,3.3000000000000007,-1.8101691,1
2.132000000000005,2.311000000000007,-0.10000000000000142,1.1574499999999999,0
-3.7150000000000034,5.483399999999989,-3.6999999999999957,-7.369885999999999,0
-4.132000000000005,1.3171000000000106,-1.3999999999999986,-3.105734,1
1.9549999999999983,-2.6589000000000027,-2.1000000000000014,2.324808,1
-13.396,0.5751000000000062,-1.6000000000000014,-7.60834,0
-2.8700000000000045,-0.48909999999999343,8.299999999999997,-1.398299,0
1.9350000000000023,7.560699999999997,-5.5000000000000036,-0.8370099999999998,0
25.69290000000001,-9.542200000000008,-1.1999999999999993,21.4293,1
-6.111999999999995,-13.697500000000005,6.899999999999999,5.8357730000000005,1
-6.341999999999999,1.7834000000000003,-8.499999999999996,-5.660184,0
-4.509999999999991,-9.054299999999998,4.700000000000003,4.841073,1
1.4650000000000034,-4.9602,-3.6999999999999993,1.9333460000000002,1
-14.40700000000001,12.020200000000003,8.2,-9.0917,0
-8.891999999999996,11.787500000000009,-4.399999999999999,-14.038910000000001,0
-9.414999999999992,-0.45190000000000907,7.5,-2.1126599999999995,1
-7.638999999999996,0.564700000000002,-4.800000000000001,-1.6955599999999995,0
11.730000000000004,-5.998999999999995,-3.8000000000000007,6.36228,1
0.8669999999999902,5.017300000000006,0.10000000000000142,-2.157209,0
13.867999999999995,13.96050000000001,-5.5,3.20869,1
17.242999999999995,8.749399999999994,4.699999999999999,1.0828499999999999,1
3.8829999999999956,7.703700000000012,-3.5,-5.31624,0
-4.998999999999995,-9.576900000000009,-1.3999999999999986,3.6916029999999997,1
6.652000000000001,-14.198900000000009,-3.5,8.21539,1
9.629999999999995,-2.3863000000000056,2.299999999999997,9.10275,0
-5.0120000000000005,19.639499999999998,7.299999999999997,-8.57958,0
-6.346000000000004,-1.0311999999999983,-3.6999999999999993,2.9225,0
26.209000000000003,-1.8719999999999999,-0.7999999999999972,11.40838,0
-12.578000000000003,9.521799999999999,3.1000000000000014,-13.70729,0
7.825999999999993,2.032600000000002,-3.6000000000000014,5.790864,0
5.302000000000007,-0.06990000000000407,5.399999999999999,-1.1097100000000002,1
10.687000000000012,7.547300000000007,1.1999999999999993,4.2045591,0
-1.9789999999999992,-1.5390000000000015,-3.6999999999999957,-0.22804999999999964,1
-1.7090000000000032,-0.8894999999999982,-2.099999999999998,-1.5228579999999998,1
-11.406000000000006,-0.9739000000000004,-3.4999999999999964,-7.240284,0
-13.795000000000002,-5.0638000000000005,2.599999999999998,-3.41464,0
-9.628,6.282499999999999,-4.699999999999999,-9.379760000000001,0
-5.097999999999999,-5.239000000000004,6.199999999999999,2.59816,1
4.307000000000002,-1.6736999999999966,1.1999999999999957,2.17013,1
-4.506,7.066199999999995,2.8000000000000007,-5.58805,0
8.325000000000003,-0.12580000000001235,5.899999999999999,8.700130000000001,1
2.185999999999993,3.9975999999999914,3.8999999999999986,-0.7880200000000004,0
-2.4620000000000033,-2.689700000000002,-1.2999999999999972,1.2832299999999996,0
-21.774,4.252600000000001,2.8000000000000007,-5.7176,0
-3.706000000000003,-10.918099999999995,-2.3999999999999986,6.464379999999999,1
-2.533999999999992,2.5764000000000067,2.1000000000000014,-5.80494,0
0.9939999999999998,6.448700000000002,0.09999999999999787,-4.62365,1
-2.9369999999999976,-13.121800000000007,1.3999999999999986,3.5830399999999996,1
-3.535000000000011,-4.789500000000004,-3.700000000000003,-0.4356351,0
-0.644999999999996,2.438599999999994,-0.5999999999999979,-1.818842,0
-10.537999999999997,-5.785399999999996,5.099999999999998,3.02761,0
8.61399999999999,1.9050000000000011,-6.899999999999999,3.0644299999999998,0
-7.188000000000002,4.748499999999993,9.2,-4.72441,0
3.5309999999999917,2.5852999999999895,11.8,5.992870000000001,1
-8.225000000000009,1.2359000000000009,-2.099999999999998,-6.262608,0
-1.4809999999999945,8.573700000000002,1.5999999999999979,-8.21539,0
-2.3419999999999987,7.756399999999999,0.10000000000000142,-5.51728,0
9.564999999999998,-4.305300000000003,-6.700000000000003,7.902203999999999,1
16.105999999999995,11.471900000000005,-3.6999999999999993,-2.4670300000000003,0
-0.21000000000000796,4.9136999999999915,14.400000000000002,3.097480000000001,0
-2.331000000000003,-1.940100000000001,1.6000000000000014,-0.13339000000000034,1
-7.067999999999998,5.159000000000006,1.0999999999999979,-4.291270000000001,0
-3.7690000000000055,0.4882999999999953,3.900000000000002,0.5022699999999993,1
-17.83,-4.033100000000005,2.6999999999999993,-5.73615,0
-9.373000000000005,-1.8185000000000002,-2.099999999999998,-3.035910000000001,0
-9.558599999999998,-13.860299999999995,0.6000000000000014,4.0665,1
-8.644999999999996,-4.156700000000001,4.0,-1.734972,0
9.68589999999999,11.742000000000004,2.3999999999999986,8.64954,0
0.03999999999999204,-1.0748999999999995,9.800000000000004,0.583534,1
5.307000000000002,-3.6691000000000003,-7.5000000000000036,4.232912,1
4.215999999999994,0.1115999999999957,2.0,3.5485999999999995,1
-0.6629999999999967,-4.058800000000005,-3.599999999999998,1.312635,0
-3.2169999999999987,-3.2779000000000025,5.400000000000002,-0.71322,0
-23.161599999999993,6.579599999999999,1.3000000000000007,-13.306909999999998,0
1.5210000000000008,-8.707999999999998,-3.799999999999997,9.50333,0
25.0056,-10.948800000000006,0.09999999999999432,20.240000000000002,1
1.8689999999999998,-4.8134000000000015,4.600000000000001,5.71122,1
7.7109999999999985,4.857399999999998,-6.100000000000001,-2.0493699999999997,0
-11.426000000000002,9.694000000000003,-3.299999999999997,-9.21543,0
-2.4549999999999983,10.388300000000001,0.5999999999999979,-7.28533,0
-2.8940000000000055,-0.3171999999999997,-3.6000000000000014,-0.2780199999999997,1
5.299999999999997,-7.711399999999998,-0.6999999999999993,6.747310000000001,1
10.813999999999993,-14.621399999999994,4.0,6.37087,1
10.218000000000004,-2.294700000000006,4.200000000000003,2.151645,1
2.1880000000000024,0.2535000000000025,3.5,0.77854,0
12.107,6.572900000000004,-2.6000000000000014,1.9095900000000001,1
-16.888999999999996,7.394099999999995,-4.099999999999998,-11.944700000000001,0
-3.8980000000000103,10.940100000000001,1.7999999999999972,-10.38117,1
10.652000000000001,-16.208399999999997,-8.899999999999999,7.16954,1
4.756,2.5516000000000076,2.6000000000000014,0.95851,1
22.06689999999999,-9.600400000000008,0.29999999999999716,16.3797,1
4.14500000000001,2.8584999999999923,-1.0,-3.089199,1
11.16000000000001,-14.007000000000005,-1.3999999999999986,15.67112,1
-1.1069999999999993,1.7876000000000118,0.4000000000000057,-4.933434999999999,1
-7.543999999999997,10.073400000000007,2.400000000000002,-11.32204,0
2.4879999999999995,-2.291399999999996,-0.7999999999999972,-1.24471,1
3.007000000000005,11.105599999999995,4.900000000000002,-2.89634,1
-6.287999999999997,-2.4140000000000015,-2.1000000000000014,-2.250817,0
0.5969999999999942,-15.347400000000007,-5.199999999999999,12.826329999999999,1
4.667000000000002,6.232600000000005,3.6000000000000014,-0.11619599999999997,0
4.4879999999999995,1.2754000000000048,1.2000000000000028,-1.56658,0
-8.960999999999999,7.528900000000007,4.699999999999999,-7.09047,0
-0.7369999999999948,-13.882900000000006,10.099999999999998,6.99982,1
-3.655000000000001,-0.13739999999999952,-6.800000000000001,0.33621999999999996,0
7.561999999999998,1.834699999999998,-5.300000000000004,3.47897,1
4.8430000000000035,-2.2228999999999957,-3.5,1.94984,1
-3.222999999999999,1.219300000000004,-1.9000000000000021,-0.9921799999999998,1
-7.313000000000002,5.412999999999997,-3.8000000000000007,-4.605435,0
8.218000000000004,-0.7980999999999909,3.3000000000000007,5.44736,0
1.8840000000000003,-3.4381000000000057,5.099999999999998,4.00469,1
-2.368000000000009,6.537000000000006,4.899999999999999,-4.363159,1
3.2169999999999987,-6.921700000000001,-4.800000000000004,2.1031,1
-10.088999999999999,7.104600000000005,0.0,-6.16358,0
0.025000000000005684,-6.915099999999995,-2.3000000000000007,4.9708499999999995,1
2.0279999999999916,0.7357000000000085,2.400000000000002,-1.2023249999999999,1
-2.760000000000005,1.8212000000000046,4.600000000000001,-3.97564,0
-3.534000000000006,-8.901600000000002,-0.3000000000000007,6.405829,1
-0.41899999999999693,-2.2627999999999986,-4.700000000000003,1.8930600000000002,0
-0.9350000000000023,-2.856499999999997,1.5,2.5731200000000003,1
8.144999999999996,2.73599999999999,-3.1000000000000014,2.6057699999999997,0
-1.3689999999999998,-5.294000000000011,-7.700000000000003,1.859475,1
-7.150999999999996,-3.7164999999999964,-4.699999999999996,-0.9122900000000005,0
-12.12100000000001,10.339200000000005,4.399999999999999,-8.0688,0
11.099000000000004,-4.062300000000008,6.099999999999998,6.070689999999999,1
9.814999999999998,7.626999999999995,0.09999999999999787,-1.3366699999999998,1
0.17199999999999704,6.237799999999993,-1.3999999999999986,-0.6627400000000003,0
-2.852000000000004,1.5388999999999982,-1.6999999999999993,-4.82123,1
-2.492999999999995,-6.966000000000008,1.0,1.3684499999999993,1
5.686999999999998,8.125399999999999,1.0,1.9900599999999997,1
5.174000000000007,-6.398600000000002,6.799999999999997,6.6368599999999995,1
-8.730000000000004,-6.808399999999992,5.100000000000001,-1.0640999999999998,0
5.530000000000001,9.229100000000003,-3.8999999999999986,-2.7812099999999997,0
4.271999999999991,7.916999999999987,4.600000000000001,-0.8328799999999994,0
-2.8559999999999945,-1.9340000000000117,-6.900000000000002,0.798296,0
4.211999999999989,8.355999999999995,-2.0000000000000036,0.95791,0
2.9939999999999998,5.917699999999996,1.5,0.7908689999999999,0
-1.3189999999999884,-6.233999999999995,4.9999999999999964,2.5755399999999997,1
-4.609999999999999,-10.515600000000006,0.8000000000000007,3.8076799999999995,0
-12.884999999999991,14.625100000000003,0.3999999999999986,-20.29447,0
-3.3569999999999993,-3.7072000000000003,2.9999999999999964,2.9851199999999998,0
-12.488,8.838100000000011,0.5999999999999943,-5.762256,0
25.17,-2.1869999999999976,1.5,14.17535,1
-8.694999999999993,10.677800000000005,5.299999999999997,-8.16591,0
-4.0930000000000035,3.4549999999999983,-2.5,-3.7822919999999995,1
4.299999999999997,-0.4269999999999925,3.299999999999997,2.019551,1
10.290000000000006,-1.9928999999999917,2.8999999999999986,1.72229,1
-2.3279999999999887,-11.216000000000008,-3.6000000000000014,8.27181,1
-9.908000000000001,-11.057900000000004,-6.600000000000001,3.2383360000000003,1
-8.786999999999992,9.745500000000007,0.5,-10.66643,0
-2.0660000000000025,-0.26789999999999736,0.0,-2.43838,0
10.748999999999995,-11.372799999999998,-2.5,14.31316,1
20.73100000000001,-1.5734000000000066,-2.3000000000000007,13.29662,1
9.980999999999995,-19.173000000000002,-1.3999999999999986,16.283540000000002,1
10.943999999999988,4.452799999999996,3.0,1.84125,1
-13.786000000000001,2.9529999999999887,4.0,-9.31417,0
1.9089999999999918,1.5811999999999955,2.5,-2.66251,0
-10.507999999999996,1.1632000000000033,4.600000000000001,-7.996016,0
-7.064999999999998,12.253500000000003,5.199999999999999,-10.115680000000001,0
-9.321999999999989,-3.280600000000007,3.5000000000000036,-3.4008950000000002,0
2.3429999999999893,0.06940000000000168,1.8999999999999986,-0.40368000000000004,1
-16.162999999999997,3.0870000000000033,-0.1999999999999993,-9.15874,1
-1.5379999999999967,-5.785699999999991,0.5,2.99625,1
3.8349999999999937,11.723299999999995,-1.9000000000000021,-1.8674300000000001,1
-1.1749999999999972,0.9271999999999991,-0.09999999999999787,-3.3849199999999997,1
9.149000000000001,-3.5013000000000005,-4.199999999999999,-3.250689,1
13.331999999999994,0.8781000000000034,-1.0,8.02442,1
16.283100000000005,-12.249499999999998,-3.5,15.7806,1
-14.36399999999999,11.387600000000006,7.0000000000000036,-18.832160000000002,0
2.631999999999991,1.1113,-4.099999999999998,3.56355,0
1.2219999999999942,-6.210000000000008,2.6999999999999993,7.1949499999999995,0
-1.2820000000000107,-5.670900000000003,-1.0,7.59959,1
-13.854,2.8684000000000083,-3.700000000000003,-1.48251,0
12.593999999999994,3.2254999999999967,0.3000000000000007,4.09082,1
-7.554999999999993,-0.09159999999999968,1.8000000000000007,-4.5760000000000005,0
-4.623999999999995,-12.284999999999997,1.5,5.740492000000001,1
4.543000000000006,-4.015500000000003,-4.5,5.2941,1
2.4869999999999948,-5.891500000000008,-2.1999999999999993,5.4309400000000005,1
5.958000000000013,2.4140000000000015,-4.199999999999999,2.52536,0
5.2309999999999945,4.1614999999999895,-2.8000000000000007,3.22349,1
0.695999999999998,3.3345000000000056,3.5,-4.2769,1
7.423999999999992,-0.9542000000000002,0.6999999999999993,5.7631,0
8.447000000000003,-8.410200000000003,-3.6000000000000014,3.052601,1
6.878,-4.882899999999992,-0.29999999999999716,2.74208,1
-2.064000000000007,7.389899999999997,7.4999999999999964,-5.390130000000001,0
-6.727999999999994,3.274000000000001,2.099999999999998,-3.4145200000000004,0
-1.2819999999999965,-2.5008000000000123,-0.6999999999999993,0.45665999999999995,0
-3.152000000000001,-8.269199999999998,-0.6000000000000014,7.19519,1
3.4750000000000085,-3.548500000000004,-4.600000000000001,4.82935,1
6.081999999999994,7.548899999999989,-4.299999999999997,2.69529,0
1.6610000000000014,-8.70020000000001,3.0000000000000036,1.42903,0
6.820999999999998,6.596199999999996,3.0,7.334189,1
-4.956999999999994,-5.711699999999993,-1.6999999999999993,1.2830800000000009,0
2.8859999999999957,-10.678600000000003,-0.8000000000000007,11.068150000000001,1
-6.471000000000004,-8.589500000000001,-0.09999999999999787,1.5172700000000008,0
7.068999999999988,3.9542999999999893,-5.299999999999997,2.15015,0
7.817000000000007,3.706099999999992,0.8000000000000007,3.78698,0
-3.3549999999999898,2.9380000000000024,4.799999999999997,-6.96975,1
5.499000000000009,-0.2664000000000044,-2.3000000000000007,4.00315,0
4.657999999999987,4.921999999999997,-3.099999999999998,-0.8439899999999998,0
-4.9273000000000025,3.0160000000000053,-2.200000000000003,-4.97569,1
6.38300000000001,0.9629999999999939,-3.0,1.485027,0
-2.6119999999999948,-1.3008999999999986,2.799999999999997,0.43421699999999996,1
-4.491,-1.7090000000000032,4.099999999999998,-3.3788799999999997,1
-14.834000000000003,20.5235,12.200000000000003,-13.24361,0
10.229,-0.5636000000000081,6.900000000000002,3.332267,1
2.212999999999994,2.8689999999999998,3.3000000000000007,-2.586069,0
3.706000000000003,2.048500000000004,-1.3999999999999986,2.064619,0
1.975999999999999,-13.422300000000007,0.3000000000000007,5.89084,1
6.0020000000000095,-5.094200000000001,-3.299999999999997,7.39194,0
-24.686300000000003,17.8369,-0.9000000000000021,-25.3036,0
6.2960000000000065,3.940399999999997,-2.6999999999999993,-0.449064,1
-16.790000000000006,2.2727000000000004,-2.8000000000000007,-7.46442,0
-17.923999999999992,2.0279999999999916,-6.900000000000002,-12.687339999999999,0
5.167000000000002,-0.7787999999999897,1.3999999999999986,-0.7536299999999998,1
-14.61800000000001,3.884299999999996,3.5,-14.028500000000001,1
0.49500000000000455,2.222200000000001,-0.5999999999999979,-3.3452262,1
3.3870000000000005,-9.596399999999988,-1.2000000000000028,2.17779,1
11.555000000000007,-22.82650000000001,-3.3000000000000007,18.02347,1
3.7439999999999998,-4.042600000000007,-4.099999999999998,1.82088,1
-4.212999999999994,0.682699999999997,-0.6000000000000014,-2.649616,1
-23.941000000000003,12.257599999999996,5.699999999999999,-18.85388,0
19.227999999999994,-7.291499999999999,4.300000000000001,11.56565,1
4.86999999999999,10.123999999999995,0.09999999999999787,-0.15321000000000007,0
8.73899999999999,-7.1982,0.6000000000000014,12.99784,1
3.9819999999999993,-9.29849999999999,0.10000000000000142,9.9747,1
-4.841999999999999,0.45120000000000005,-3.1000000000000014,-6.431705,0
-8.735,-0.019900000000006912,1.5,-1.4488200000000002,0
-12.959000000000003,4.937300000000008,0.10000000000000142,-6.9100600000000005,0
5.845999999999989,-13.406599999999997,5.399999999999999,7.24186,1
-3.5220000000000056,-3.4239999999999924,1.1000000000000014,-2.9091331,0
7.056000000000012,7.334400000000002,5.699999999999999,0.7045799999999998,0
-2.965999999999994,22.186800000000005,5.400000000000002,-14.34235,0
-0.9289999999999878,4.304200000000009,-0.7000000000000028,-4.9136679999999995,0
4.826999999999998,11.390699999999995,4.100000000000001,-4.794778000000001,0
23.748999999999995,-8.921300000000002,-4.300000000000001,16.09284,1
-3.647999999999996,6.1661,9.600000000000001,-6.54742,0
13.424000000000007,-8.0625,-0.49999999999999645,14.12139,1
7.969999999999999,-5.7561000000000035,1.0,11.2273,0
-6.208000000000013,3.6158999999999963,3.400000000000002,-2.5783199999999997,0
-17.029999999999987,-10.127800000000008,-6.900000000000002,-5.082459999999999,0
-8.90700000000001,3.199099999999987,4.5,-7.1877338,0
2.2109999999999985,-5.013099999999994,-2.6000000000000014,0.05292999999999992,1
-5.734999999999999,2.658600000000007,7.4999999999999964,-3.87761,0
21.78800000000001,3.251800000000003,0.5,9.045440000000001,1
6.661999999999992,1.0745000000000005,-2.3000000000000007,5.89922,1
-6.310000000000002,-5.501899999999992,3.900000000000002,0.09841999999999995,1
-4.036000000000001,-8.404900000000012,-2.8000000000000007,6.94805,0
-4.184999999999988,5.842799999999997,-3.0,-3.3464859999999996,0
0.11699999999999022,-0.5043000000000006,0.6000000000000014,-2.8793100000000003,1
-1.233000000000004,-0.8725000000000023,4.200000000000003,4.31849,0
14.744,-5.4402999999999935,-7.800000000000001,8.303609999999999,1
-1.7630000000000052,8.201899999999995,4.900000000000002,-7.67544,0
9.824000000000012,-9.390299999999996,0.6999999999999993,9.01022,1
-10.837999999999994,-7.160700000000006,-4.800000000000004,-4.020499999999999,0
9.367999999999995,1.1983000000000033,-7.5,4.876329999999999,1
10.318000000000012,1.8348000000000013,1.8000000000000007,6.902260000000001,1
-8.59299999999999,3.679400000000001,0.6000000000000014,-7.9216662,0
4.670000000000002,9.464799999999997,-0.6000000000000014,-5.66077,0
-4.917000000000002,-4.076700000000002,4.399999999999999,1.2758399999999996,0
-5.193999999999988,-14.751900000000006,-0.40000000000000213,4.5161999999999995,1
-11.375,-6.6591999999999985,-1.3000000000000007,-2.315429999999999,0
4.791000000000011,-2.3950999999999993,2.1999999999999993,2.684260000000001,1
6.938999999999993,5.180300000000003,-3.8000000000000007,-2.68738,1
-8.88300000000001,2.0046999999999997,-3.1999999999999993,-7.583410000000001,0
8.772999999999996,9.696600000000004,-8.100000000000001,-1.7004000000000001,1
-3.7519999999999953,-3.0422999999999973,6.5,-0.7011999999999983,1
-0.28300000000000125,-13.232,-8.299999999999997,1.4663000000000004,1
-4.171999999999997,-5.317300000000003,-5.699999999999999,0.659161,1
2.049999999999997,-0.6140000000000043,1.5999999999999979,6.2957399999999994,0
3.8499999999999943,-0.4060000000000059,-4.100000000000001,1.952463,1
9.477000000000004,-2.916499999999999,-6.100000000000001,2.2468500000000002,0
-5.387999999999991,0.2612000000000023,4.799999999999997,-0.8223100000000001,0
2.817999999999998,-1.5369000000000028,4.300000000000001,0.5051419999999999,1
11.553000000000011,-1.966700000000003,4.600000000000001,4.812451,1
-6.841000000000008,-3.075300000000013,4.800000000000001,3.0984800000000003,0
15.536000000000001,-2.3029999999999973,0.1999999999999993,2.747956,1
11.920000000000002,-2.8689999999999998,-0.8999999999999986,6.87076,1
-17.081999999999994,18.594899999999996,2.1000000000000014,-22.594099999999997,0
18.15299999999999,-4.015799999999999,5.899999999999999,5.982905,1
14.207999999999998,-5.662199999999999,0.8000000000000007,12.51549,1
-20.444000000000003,7.0327000000000055,-2.5,-16.801000000000002,0
-4.225999999999999,-3.488900000000001,-1.3000000000000007,3.121537,1
9.271,-2.78070000000001,-1.8999999999999986,6.390201,1
-21.47659999999999,16.1943,2.0,-14.796759999999999,0
-5.741,-7.823999999999998,-1.2999999999999972,-3.1913020000000003,1
8.900999999999996,4.042200000000008,4.5,3.3836046,0
-5.436000000000007,2.1000999999999976,1.0999999999999979,-1.341255,1
-8.419999999999987,1.769900000000007,-1.6000000000000014,-2.056992,0
4.474000000000004,-4.460099999999997,4.399999999999999,5.0385100000000005,1
18.569000000000003,-3.2586999999999904,-1.3999999999999986,10.33919,0
-2.147999999999996,0.5730000000000075,-4.600000000000001,-5.05351,1
-4.751000000000005,-4.112000000000009,-5.700000000000003,-1.441297,0
14.48299999999999,-2.1336000000000013,0.8000000000000007,11.26179,1
21.161,-10.518900000000002,0.8999999999999986,20.967689999999997,1
4.658000000000001,-5.413799999999995,-3.599999999999998,8.38002,0
4.188000000000002,4.069400000000002,-4.800000000000001,3.2028879999999997,1
6.203000000000003,1.0952999999999946,11.099999999999998,-2.8504799999999997,1
6.075999999999993,-11.771,-2.8000000000000007,9.51173,1
-2.0309999999999917,4.031700000000001,4.5000000000000036,0.294805,0
21.684999999999988,-8.559799999999996,0.09999999999999787,15.098840000000001,1
5.378,3.3584999999999923,-0.1999999999999993,1.2845119999999999,0
-15.122,5.05749999999999,-0.3999999999999986,-11.23,0
11.939000000000007,3.5035000000000025,10.400000000000002,4.1142845999999995,1
1.8640000000000043,-2.764199999999988,-1.8000000000000007,-3.4738500000000005,1
-1.7569999999999908,3.1768,-2.6999999999999993,-1.7222400000000002,1
13.435000000000002,2.8926000000000016,0.6000000000000014,1.31894,1
-10.161999999999992,3.257499999999993,1.2000000000000028,-10.21333,0
9.253,8.726500000000001,5.899999999999999,6.585462,1
-13.956999999999994,0.20480000000000587,0.3000000000000007,-5.184560000000001,0
-1.706000000000003,7.628100000000003,2.3000000000000007,-6.575529999999999,0
-8.198000000000008,-1.580600000000004,-3.5,-3.063205,0
7.968999999999994,7.431900000000013,1.4000000000000021,3.38635,1
6.1839999999999975,-0.6638999999999982,2.8000000000000007,7.846062,1
3.9710000000000036,-1.5716999999999928,4.699999999999999,3.1506399999999997,1
7.6910000000000025,-5.598799999999997,9.599999999999998,2.6921600000000003,1
-3.266999999999996,4.2982000000000085,-1.8000000000000007,-7.12517,0
8.381,-4.819599999999994,-1.9000000000000021,6.940940000000001,1
-8.297999999999988,-0.8066000000000031,1.6999999999999993,-7.240932000000001,1
-5.61699999999999,6.143799999999999,2.0,-7.430109999999999,0
5.1569999999999965,1.1661000000000001,1.3000000000000007,2.7298,1
2.811000000000007,2.8521999999999963,4.200000000000003,-2.5033399999999997,0
-3.6509999999999962,5.733599999999996,0.10000000000000142,-2.086220000000001,0
2.1529999999999916,-3.392700000000005,0.8000000000000007,5.232430000000001,1
-9.462999999999994,-9.896100000000004,-4.400000000000002,-1.834752,0
-5.853999999999999,-0.8689000000000107,9.299999999999997,-2.4962199999999997,1
1.3050000000000068,8.029300000000006,4.900000000000002,-5.12843,0
-0.019000000000005457,-2.6230000000000047,0.0,1.1605400000000001,1
-2.375,-0.5741000000000014,-1.5,2.4919699999999985,0
5.284999999999997,-8.361700000000013,-2.1000000000000014,6.21058,1
8.259999999999991,-2.589500000000001,-10.099999999999998,8.946169999999999,0
-11.74499999999999,-1.3470999999999975,5.299999999999997,-8.82803,0
4.881,-2.5348999999999933,-1.1000000000000014,1.079200000000001,1
-0.2890000000000015,-4.113099999999989,-0.6000000000000014,0.42159000000000013,1
10.088999999999999,8.426300000000012,-4.599999999999998,-0.29963000000000006,0
0.7817999999999898,-0.4060000000000059,-2.1999999999999957,1.5692300000000001,0
-4.011600000000001,-0.4170000000000016,-2.8999999999999986,-2.3720499999999998,1
5.207999999999998,6.113699999999994,2.799999999999997,0.7745899999999999,1
-14.429000000000002,6.989199999999997,1.8000000000000007,-13.141449999999999,0
-12.181999999999988,4.359500000000011,1.3999999999999986,-7.17639,0
9.105999999999995,-8.005199999999988,2.1000000000000014,6.923367,1
-7.3359999999999985,8.070099999999996,-0.1999999999999993,-7.51735,0
9.50500000000001,-23.319599999999994,-2.6999999999999993,17.487920000000003,1
5.915000000000006,-4.380600000000001,5.300000000000001,4.56329,1
2.0379999999999967,3.715299999999999,-6.399999999999999,-1.5105700000000004,1
-1.2480000000000047,1.0874000000000024,3.6000000000000014,1.8752322,1
-11.485,-1.1176999999999992,-6.100000000000001,-6.2086749999999995,0
-6.278999999999996,4.8992000000000075,2.700000000000003,-4.718059,0
-10.028999999999996,2.1069999999999993,5.600000000000001,-2.55896,0
-23.0578,8.985800000000012,6.9999999999999964,-18.79532,0
6.224999999999994,17.97529999999999,4.0,-3.2697200000000004,0
-6.950000000000003,9.558599999999998,-4.0,-8.30762,0
3.715999999999994,10.363799999999998,4.600000000000001,-1.8160699999999999,0
2.176000000000002,-0.02409999999999002,-6.799999999999997,-2.12645,1
-5.816999999999993,-4.1458999999999975,-8.800000000000004,-1.27732,0
-6.7450000000000045,8.371099999999998,-0.8999999999999986,-7.952456000000001,0
-3.0420000000000016,2.3029999999999973,2.8999999999999986,-4.11498,0
13.195000000000007,-10.744800000000012,0.0,16.42311,1
23.901600000000002,-6.044499999999999,1.3999999999999986,18.29976,1
-12.581000000000003,12.684200000000004,-1.3000000000000007,-13.79076,0
-12.85499999999999,12.699300000000008,0.0,-14.724409999999999,0
-3.3829999999999956,-4.789600000000007,-1.8999999999999986,0.49134999999999973,1
0.9129999999999967,1.7357999999999976,-0.8999999999999986,-2.497173,1
19.83699999999999,-14.900099999999995,-9.899999999999999,12.62548,1
-8.248999999999995,11.917699999999996,2.6000000000000014,-11.566,0
3.138999999999996,1.245900000000006,-0.09999999999999787,3.765155,0
13.076999999999998,12.839200000000005,-2.400000000000002,-1.088181,0
-18.46900000000001,3.2319999999999993,1.1999999999999993,-13.69107,0
6.753,-6.4791000000000025,-5.0,5.13681,0
6.228999999999999,-4.6603000000000065,-3.1999999999999993,2.6303900000000002,1
0.5049999999999955,-1.7302999999999997,-4.100000000000001,-3.9365399999999995,0
-6.317999999999998,-0.2376999999999896,-3.1999999999999993,-3.32558,0
4.809999999999988,2.0968000000000018,5.0,1.36001,1
-6.64800000000001,8.588700000000003,4.400000000000002,-5.84123,0
3.350999999999999,3.1073999999999984,7.200000000000003,0.8195500000000004,0
4.018000000000001,7.134699999999995,-1.0999999999999979,-0.4232700000000005,0
7.572000000000003,0.42899999999998784,1.9000000000000021,5.91891,0
0.18299999999999272,2.6873000000000076,-4.300000000000001,-4.33629,1
2.8840000000000003,-6.5900999999999925,-2.0,6.47186,1
9.88600000000001,-0.28239999999999554,2.3999999999999986,10.555063,1
1.0180000000000007,-0.9007000000000005,3.5,4.81181,1
5.7760000000000105,6.209699999999998,1.5,-3.0877,1
-6.122,8.324100000000001,9.200000000000003,-4.42503,0
-6.450999999999993,0.1453999999999951,0.1999999999999993,-5.514465,0
13.394000000000005,6.5154,-1.8000000000000007,6.86224,0
-7.554000000000002,-7.542299999999997,0.7999999999999972,-0.9837400000000001,0
2.478999999999999,-3.034000000000006,-5.699999999999999,1.4473099999999999,1
-4.947000000000003,-1.4235000000000042,-5.300000000000001,-5.3586,0
-5.504000000000005,-3.7480999999999938,-0.5,2.2373900000000004,1
2.0900000000000034,-2.4144000000000005,0.5,6.3541799999999995,0
-2.006999999999991,3.087699999999998,-3.6000000000000014,-1.2019200000000003,0
-4.454000000000008,-8.200199999999995,-0.9000000000000021,2.3128200000000003,1
3.1880000000000024,-5.385599999999997,-2.0,2.8047899999999997,1
7.603999999999999,4.942100000000011,-2.200000000000003,6.164720000000001,0
2.2310000000000088,-11.621800000000007,0.6999999999999993,6.2443,1
3.709000000000003,0.7331999999999965,0.1999999999999993,4.9353299999999996,0
-2.5649999999999977,-0.13309999999999889,2.6999999999999993,0.6841000000000008,0
-7.935999999999993,0.028299999999987335,2.1000000000000014,-4.658390000000001,1
-9.102000000000004,2.7793999999999954,5.400000000000002,-6.1312,0
-3.147999999999996,2.3944000000000045,4.5,-2.313109999999999,0
-3.137999999999991,-5.1785,1.1999999999999993,-0.5176599999999993,0
-0.4369999999999976,-7.040999999999997,-1.8000000000000007,6.641989999999999,1
4.3089999999999975,1.5460000000000065,-2.200000000000003,-1.4620671,0
9.814000000000007,10.053899999999999,0.20000000000000284,-0.780699,0
-9.651399999999995,-2.0759999999999934,-2.8000000000000007,-1.1426999999999996,0
-7.3160000000000025,-3.204900000000009,1.5,-2.46896,1
-2.330999999999989,2.3400000000000034,4.0,-5.07824,1
13.444000000000003,-14.622900000000001,-0.8000000000000007,13.897549999999999,1
5.674000000000007,-5.781399999999991,1.3999999999999986,-0.025209999999999955,1
-13.888999999999996,0.2597999999999985,0.7999999999999972,-6.40735,0
4.75800000000001,-0.8151999999999902,0.8000000000000007,4.03467,1
-18.445999999999998,1.2746999999999957,-8.599999999999998,-11.46001,0
1.1710000000000065,6.7265000000000015,-7.600000000000001,-7.138310000000001,0
-2.7480000000000047,-1.1012999999999948,-2.3000000000000007,-0.7053099999999999,1
-7.704000000000008,8.038700000000006,1.2000000000000028,-7.994910000000001,0
-2.1200000000000045,6.6569999999999965,-1.8999999999999986,-3.868568,0
-4.9069999999999965,-2.1569999999999965,-1.8000000000000007,0.5432700000000001,1
-2.171999999999997,3.184100000000001,3.6000000000000014,-1.6273760000000004,0
-14.833200000000005,5.0762,-5.800000000000001,-9.88481,0
-8.37700000000001,5.7801000000000045,-0.1999999999999993,-6.498850000000001,0
-26.969999999999985,8.752300000000005,0.8999999999999986,-17.12231,0
7.256,-7.292999999999992,0.10000000000000142,6.372739999999999,1
-0.5760000000000076,-5.150299999999987,-7.099999999999998,-1.0832799999999998,1
-3.003,13.949600000000004,5.199999999999999,-11.03185,0
5.731000000000009,-1.9859000000000009,3.8000000000000007,2.6078200000000002,1
-2.0120000000000005,-0.3050000000000068,-1.9000000000000021,-0.504413,0
6.738000000000014,3.7117999999999967,-7.299999999999997,-0.47798000000000007,0
-12.466999999999999,0.0030000000000001137,9.699999999999996,-5.91476,1
-10.667000000000002,7.0948999999999955,0.8999999999999986,-10.96635,0
9.477999999999994,8.930899999999994,0.1999999999999993,1.1434399999999998,1
17.39,-4.700400000000002,1.1999999999999993,10.26319,1
-21.587000000000003,6.7059,0.8999999999999986,-13.07283,0
13.468000000000004,8.386899999999997,-4.299999999999997,2.6101810000000003,0
2.757000000000005,-1.2620000000000005,-1.6999999999999993,-0.03395000000000015,1
-12.550000000000011,15.39909999999999,2.6999999999999993,-16.07676,1
10.150999999999996,-4.9572,2.5,4.955719,1
16.331999999999994,-14.94189999999999,-9.399999999999999,19.65867,1
-12.712999999999994,4.305500000000009,-1.8000000000000007,-5.01143,0
1.2989999999999924,0.5969000000000051,-2.099999999999998,0.34977000000000036,1
4.292000000000002,-1.8474999999999966,2.8000000000000007,5.668399999999999,1
1.286999999999992,-7.0745000000000005,1.8999999999999986,5.59215,1
3.757000000000005,-3.3000000000000114,5.200000000000003,4.40674,0
0.46399999999999864,3.6193000000000097,0.9000000000000021,-4.41048,0
-2.5090000000000003,-2.431200000000004,-1.8000000000000007,3.2643200000000006,1
-20.541999999999987,1.3097999999999956,3.799999999999997,-11.76175,0
-1.4129999999999967,-3.8048,-1.6999999999999993,-0.31620999999999944,1
7.8999999999999915,0.9765000000000015,-6.699999999999999,7.851796,0
7.350999999999999,-8.519099999999995,3.599999999999998,7.34941,1
7.006,15.147599999999997,1.1000000000000014,-3.4819000000000004,1
7.131,0.3973999999999904,3.3999999999999986,5.9094,1
-12.881,-2.2560000000000002,3.799999999999997,-8.391821,1
9.431999999999988,2.3462999999999994,-1.8000000000000007,5.18716,0
-12.361999999999995,6.871200000000002,2.1999999999999957,-7.083690000000001,0
4.159999999999997,-1.459699999999998,-6.699999999999999,3.9121560000000004,0
6.328000000000003,1.9745999999999952,-0.8999999999999986,1.7706,0
8.328000000000003,7.291199999999989,3.400000000000002,0.5080499999999999,0
3.2169999999999987,-4.337600000000009,-2.400000000000002,4.948230000000001,1
16.381,0.921999999999997,-0.3999999999999986,7.058861,1
9.605999999999995,3.2561999999999927,4.899999999999999,4.209629999999999,1
10.477999999999994,4.250699999999995,-0.6999999999999993,2.9561199999999994,0
7.569999999999993,-1.7420999999999935,-3.0,6.055669999999999,1
0.9650000000000034,1.7069000000000045,-6.0,-0.5450400000000002,1
1.3190000000000026,-5.96990000000001,-4.900000000000002,5.925906,1
0.19299999999999784,-3.3763000000000005,-1.1999999999999993,-1.5297899999999993,0
-15.651999999999987,-2.6083,1.5999999999999979,-5.962679999999999,0
3.960000000000008,-5.014100000000013,-1.0,4.89207,1
-6.23899999999999,2.280699999999996,4.099999999999998,-2.46791,0
-13.981999999999985,-3.707000000000008,-2.200000000000003,-3.756619999999999,0
-5.647000000000006,-3.2857000000000056,4.199999999999999,0.5893200000000001,0
2.8190000000000026,4.694000000000003,-1.0999999999999943,-2.2668299999999997,1
1.2650000000000006,-1.9394999999999953,-2.5,1.312588,1
8.49730000000001,0.8939999999999912,-1.0,2.3816299999999995,1
-9.162000000000006,2.7760999999999996,-10.299999999999997,-4.48832,0
4.075000000000003,5.0138999999999925,-4.0,0.43829700000000005,1
2.3870000000000005,4.101200000000006,-7.300000000000004,3.4766820000000003,0
4.346999999999994,-6.911000000000001,4.800000000000001,8.42135,1
18.665999999999997,-20.188900000000004,-6.400000000000002,16.30188,1
-3.546999999999997,9.853200000000001,-3.299999999999997,-10.91303,0
16.247,-10.619499999999988,-3.0,11.235199999999999,1
-7.109000000000009,5.682600000000008,-6.199999999999999,-8.042666,0
-3.519999999999996,-7.518799999999999,-0.1999999999999993,2.8025499999999997,1
-7.983000000000004,17.3716,0.09999999999999787,-12.193069999999999,0
18.47800000000001,-9.277500000000003,-0.3000000000000007,18.25529,1
2.5919999999999987,-3.2465000000000117,-2.5,-0.3712,0
-1.115000000000009,2.5789999999999935,4.599999999999998,-1.45563,1
-23.274,0.08050000000000068,-2.1999999999999993,-7.677969999999999,0
-1.391999999999996,-2.6938999999999993,-4.699999999999999,-4.334132,0
8.542999999999992,0.08540000000000703,-4.0,4.466482,1
4.962999999999994,-2.2948999999999984,0.0,5.520192,1
11.938000000000002,-19.5967,3.6000000000000014,19.61347,1
8.852999999999994,-10.614799999999988,-7.799999999999997,9.02922,1
3.6729999999999876,6.866099999999989,0.09999999999999787,-2.72171,1
7.489000000000004,-2.590599999999995,3.200000000000003,4.9801459999999995,0
-14.47399999999999,17.05709999999999,7.899999999999999,-20.17352,0
10.533000000000001,2.777699999999996,4.200000000000003,3.4383100000000004,0
-2.7820000000000107,-4.7291000000000025,-1.5,1.5811740000000003,1
-0.0049999999999954525,-2.927599999999998,-2.3000000000000007,7.204205,0
-13.291000000000011,9.923000000000002,-3.099999999999998,-13.940940000000001,0
-7.067000000000007,15.925299999999993,-2.6999999999999993,-9.04184,0
-0.5130000000000052,9.629200000000012,1.3000000000000007,-5.623253,1
-8.01700000000001,-5.701999999999998,1.0,-0.80663,0
16.686999999999998,-16.4795,-5.900000000000002,15.951319999999999,1
16.30300000000001,-2.170900000000003,2.099999999999998,7.969619999999999,1
-5.8489999999999895,-3.597200000000001,12.599999999999998,1.0446499999999999,1
-8.287999999999997,-2.7351000000000028,-4.899999999999999,2.2101099999999994,0
-1.0420000000000016,7.5708000000000055,3.6999999999999993,-6.31988,0
9.00699999999999,-9.390900000000002,-2.599999999999998,6.203143,1
-0.9470000000000027,7.1888000000000005,-0.3000000000000007,-4.5826,0
-6.293999999999997,-3.342199999999991,-6.0,-3.1646600000000005,0
-4.188000000000002,6.084599999999995,7.400000000000002,-8.540441999999999,0
-9.494,5.252700000000004,2.0,-7.955969999999999,0
7.981999999999999,-4.533699999999996,-0.6999999999999993,2.3754099999999996,1
-6.048000000000002,4.011600000000001,0.10000000000000142,-9.044630000000002,0
7.997,-3.4065999999999974,0.10000000000000142,7.0800600000000005,1
14.294999999999987,-1.6047999999999973,-12.099999999999998,6.68882,1
0.7060000000000031,-5.83550000000001,1.8000000000000007,-1.906212,1
-6.699000000000012,5.338999999999999,-0.8000000000000007,-6.63874,0
1.4000000000000057,-9.9709,1.8000000000000007,1.2599100000000005,1
-12.519000000000005,3.2032999999999987,2.400000000000002,-8.5596,0
8.433000000000007,-6.034999999999997,0.8000000000000007,5.435245999999999,1
-11.86,1.0431999999999988,0.1999999999999993,0.5191600000000003,0
-0.03100000000000591,-0.9286999999999921,-3.1999999999999993,-3.721380000000001,1
0.6129999999999995,-0.3486999999999938,3.8999999999999986,-2.1735099999999994,1
14.801000000000002,-1.6694999999999993,-3.400000000000002,12.064744999999998,1
-1.2010000000000076,-3.792999999999992,-9.999999999999996,3.857779999999999,0
-1.0090000000000003,4.159700000000001,-2.3000000000000007,-6.207110000000001,0
-1.6650000000000063,0.6567000000000007,0.5,-0.8310699999999995,0
1.9170000000000016,-5.593899999999991,-4.400000000000002,3.299549999999999,1
-8.426999999999992,-4.587399999999988,1.8999999999999986,-0.14095999999999975,1
0.28000000000000114,-4.475800000000007,-1.6000000000000014,4.98769,1
3.7650000000000006,5.445399999999992,7.299999999999997,-2.6421099999999997,1
-0.9699999999999989,-1.8812000000000069,3.1000000000000014,0.5741000000000014,0
4.673000000000002,5.839799999999997,-2.3000000000000007,3.630489999999999,0
1.75,-5.3134000000000015,-7.399999999999999,4.970859999999999,1
7.8359999999999985,4.677799999999991,-3.3000000000000007,4.083189999999999,1
2.3829999999999956,3.266300000000001,-8.099999999999998,0.47872000000000003,1
0.5815999999999946,-1.4110000000000014,-0.8999999999999986,2.6016899999999996,1
-2.7908000000000044,-2.445999999999998,-1.5,-2.87791,0
-9.104,-0.8849000000000018,1.2999999999999972,-1.4684899999999999,0
-0.6689999999999969,-8.979,1.1999999999999993,4.194279,1
27.800600000000003,-6.226699999999994,1.6000000000000014,11.559000000000001,1
0.7420000000000044,-0.5700999999999965,6.200000000000003,0.29145,1
18.62899999999999,-10.5582,-4.600000000000001,6.71738,1
10.212000000000003,-14.154800000000009,-2.0,13.297369999999999,1
4.122,6.9816,9.5,-0.0015600000000000058,0
6.600999999999999,-1.8828999999999922,-3.3999999999999986,6.147819999999999,0
0.5210000000000008,8.9499,-7.300000000000001,-6.52994,0
-12.612000000000009,6.9609999999999985,6.5,-10.9285,1
-3.4329999999999927,-6.847500000000011,-1.1999999999999993,1.962224,0
0.840999999999994,0.557699999999997,2.8000000000000007,-1.1461400000000002,1
2.1260000000000048,5.2912000000000035,9.7,-2.543413,1
7.623999999999995,1.5405999999999977,8.600000000000001,2.058163,1
13.801000000000002,-0.29229999999999734,3.599999999999998,2.073766,1
-16.019000000000005,1.509200000000007,-5.900000000000002,-4.94554,0
-3.4450000000000074,1.6899000000000086,1.1999999999999993,0.3803300000000003,0
-12.135000000000005,0.5456000000000074,0.3999999999999986,-5.2188,1
-11.075000000000003,9.280000000000001,-2.3000000000000007,-10.07259,0
7.0179999999999865,-2.212600000000009,-1.3999999999999986,5.96169,1
4.200000000000003,-3.8821000000000083,4.0,3.131298,1
13.294999999999987,-4.501000000000005,6.0,5.7471,1
-27.701400000000007,11.285299999999992,5.5,-13.537040000000001,0
19.02499999999999,0.040300000000002,5.900000000000002,8.36276,1
-0.7259999999999991,-9.569500000000005,1.1999999999999993,7.46109,1
-10.031000000000006,-6.2730999999999995,-3.1000000000000014,-0.3722400000000001,0
-2.198999999999998,1.3613,-3.0,-1.9749837000000001,1
18.459500000000006,-12.7757,-1.6999999999999993,11.41076,1
3.179000000000002,-5.125400000000013,-4.0,5.5130300000000005,0
-0.570999999999998,-0.2004000000000019,1.1000000000000014,1.783042,0
2.9989999999999952,1.5883000000000038,1.7000000000000028,-0.9112499999999999,1
-3.564000000000007,10.076899999999995,-3.1000000000000014,-3.76042,0
-2.188999999999993,-0.4853999999999985,-3.5,3.637527,1
-12.373000000000005,-1.5714000000000112,-5.400000000000002,-4.630370000000001,0
-12.414000000000001,0.8204999999999956,1.8000000000000007,-2.29936,0
7.253,1.4533999999999878,1.2000000000000028,6.966739999999999,0
-2.4240000000000066,9.8763,2.8999999999999986,-6.111549999999999,1
-2.586999999999989,-4.567700000000002,0.20000000000000284,4.465394,0
-2.777000000000001,0.31740000000000634,2.8999999999999986,-2.487113,1
12.729,0.6150000000000091,-2.0,5.4848099999999995,1
-0.05700000000000216,5.1935,-2.6999999999999993,-6.8212337,0
2.0420000000000016,-5.986200000000011,1.6999999999999993,5.24597,1
-0.4789999999999992,0.5494000000000057,6.199999999999999,-2.4800799999999996,1
-14.185000000000002,4.822400000000002,3.8999999999999986,-8.201472,0
3.2349999999999994,8.924800000000005,7.400000000000002,-4.803669999999999,0
-7.530999999999992,0.2752999999999872,-1.4000000000000021,-0.7345999999999995,1
15.409999999999997,1.9128999999999934,-2.799999999999997,3.6996599999999997,1
5.554000000000002,-1.0703999999999922,1.5,1.2041999999999993,1
1.9620000000000033,-12.867000000000004,-7.0,9.49529,1
-6.423000000000002,3.8821999999999974,-4.900000000000002,-3.6263400000000003,0
-5.7549999999999955,5.5349000000000075,6.100000000000001,-3.515263,0
1.4249999999999972,7.631,9.0,-1.4646540000000001,1
13.325000000000003,-2.6902999999999935,-4.5,5.245890000000001,1
-1.3480000000000132,2.444100000000006,7.0,-4.678329999999999,0
4.000999999999991,5.900199999999998,-4.099999999999998,-4.24337,1
-1.5919999999999987,-6.95559999999999,0.6000000000000014,0.7881199999999993,1
15.126000000000005,1.5063000000000102,4.100000000000001,2.1269600000000004,1
8.039000000000001,-5.561000000000007,-2.0,3.6659040000000003,1
-11.607,-0.4305999999999983,4.5,-2.958750000000001,0
-0.6100000000000136,4.971000000000004,0.40000000000000213,-4.42463,1
-5.75800000000001,-1.6535000000000082,-2.700000000000003,-2.64278,0
9.964000000000013,-4.6325999999999965,-1.3000000000000007,5.861700000000001,1
-1.027000000000001,1.979600000000005,6.800000000000001,-1.8095100000000004,1
-0.17899999999998784,-5.6721,0.5,-1.7155500000000001,1
0.1150999999999982,4.360100000000003,0.8000000000000007,-0.8467200000000004,0
6.185000000000002,0.4007000000000005,-2.3000000000000007,2.5634230000000002,1
1.940000000000012,2.100999999999999,-1.5999999999999979,-3.60503,1
-0.9789999999999992,-6.63839999999999,6.600000000000001,5.235212,1
17.073999999999998,-11.618099999999998,1.0,11.956710000000001,1
-2.464999999999989,-5.216999999999999,-1.1999999999999993,0.9041999999999999,0
-18.400999999999996,8.530600000000007,7.600000000000001,-11.848,0
-23.51129999999999,7.203699999999998,-0.6000000000000014,-17.17679,0
-4.862000000000009,0.3055000000000092,-8.5,2.1408300000000002,0
-2.0330000000000013,1.8585000000000065,1.0,4.145058,0
0.12999999999999545,-3.176300000000012,-1.6999999999999993,-1.8781800000000002,0
7.194000000000003,-0.12359999999999616,1.9000000000000021,2.369498,0
6.728999999999999,-3.0989000000000004,-10.0,3.7111460000000003,1
2.6400000000000006,7.9946000000000055,-3.099999999999998,-4.38175,0
-14.165999999999997,1.8500999999999976,-2.5,-6.16794,1
-2.1129999999999995,1.1307000000000045,3.400000000000002,-3.72003,0
19.9842,2.266999999999996,-4.100000000000001,12.43464,0
6.283000000000001,-17.411,1.6999999999999993,11.20415,1
10.365000000000009,-9.418399999999991,-1.0999999999999979,9.31921,1
13.22999999999999,-12.495100000000008,-1.5,17.15035,1
7.156000000000006,-12.194400000000002,1.8999999999999986,12.63112,1
-20.763000000000005,7.132000000000005,-0.6999999999999993,-12.22957,0
-4.722000000000008,10.619700000000009,-0.5,-6.262882,0
4.628,-4.285500000000013,0.40000000000000213,3.9409039999999997,1
4.5589999999999975,1.2575999999999965,2.599999999999998,-0.5447200000000003,0
-4.935000000000002,-1.6954000000000065,-3.6000000000000014,1.5091,0
4.1640000000000015,4.502899999999997,-4.700000000000003,-0.7417400000000001,0
2.3840000000000003,1.556999999999988,5.800000000000001,0.10194999999999999,0
-8.542999999999992,-6.200699999999998,-4.699999999999999,0.4401299999999999,0
22.190799999999996,-0.33440000000000225,-2.8999999999999986,11.87016,1
-3.198999999999998,1.3742000000000019,3.0,-0.9992200000000002,0
-3.0560000000000116,-3.7168000000000063,3.6000000000000014,1.6196200000000003,1
-6.929999999999993,17.07010000000001,-2.3000000000000007,-9.398859999999999,0
-10.652000000000001,10.15700000000001,2.400000000000002,-12.72755,0
1.683000000000007,-9.799199999999999,-0.7000000000000028,12.55184,1
-2.701999999999998,5.327999999999989,0.3999999999999986,-3.759528,0
7.859999999999999,-2.7391999999999967,-7.5,5.3541300000000005,1
-14.977000000000004,0.8683999999999941,-0.10000000000000142,-8.69499,0
-2.6359999999999957,-9.149699999999996,3.1999999999999993,7.793498,0
-3.3529999999999944,2.1255999999999915,-7.199999999999999,-4.6475800000000005,1
-4.4809999999999945,3.5715000000000003,0.10000000000000142,-7.511760000000001,0
10.656200000000013,3.0763000000000034,-3.3000000000000007,9.08006,0
6.043999999999997,1.764400000000009,3.6000000000000014,1.1157299999999997,1
-9.433999999999997,-1.6625999999999976,-2.5,-5.836219999999999,0
-11.094000000000008,0.6221000000000032,-1.7999999999999972,-4.306610000000001,0
-4.614000000000004,4.471599999999995,-1.3999999999999986,-2.0128400000000006,0
6.929000000000002,5.0049999999999955,-3.900000000000002,3.62668,0
1.8889999999999958,7.866,1.4000000000000021,-4.83543,1
-9.079999999999998,-6.031000000000006,6.0,-3.64905,0
2.2700000000000102,11.299600000000012,-1.1000000000000014,-4.71459,0
-1.7110000000000127,5.529600000000002,-0.1999999999999993,-5.9571000000000005,0
11.608000000000004,-0.8007000000000062,-1.9000000000000021,2.2484400000000004,0
12.207000000000008,10.578100000000006,3.099999999999998,0.6165700000000003,1
1.492999999999995,5.237099999999998,0.6000000000000014,2.5980599999999994,0
-3.278000000000006,3.2497000000000043,-4.899999999999999,-7.121328,0
8.363,-4.214199999999991,1.2000000000000028,4.53722,1
11.811999999999998,9.483800000000002,2.0,-0.24513000000000007,1
-1.4050000000000011,1.2038999999999902,-3.6999999999999993,-0.7944499999999994,1
-22.1982,-4.3857,5.199999999999999,-12.56995,1
14.019000000000005,5.300799999999995,3.599999999999998,2.7223500000000005,1
0.6230000000000047,4.489199999999997,0.8999999999999986,1.11829,1
-6.2309999999999945,6.607399999999998,1.6999999999999993,-7.82759,0
15.042200000000008,0.3152999999999935,-7.399999999999999,9.82389,1
-2.6259999999999906,1.716799999999992,0.29999999999999716,-3.1283199999999995,0
-8.289000000000001,-2.5365000000000038,-7.299999999999997,-2.9281800000000002,1
5.361999999999995,-2.181299999999993,7.0,6.14868,1
-9.673999999999992,-9.852500000000006,0.0,0.6135550000000001,0
-6.348399999999998,0.4399999999999977,0.5,-5.60739,0
1.2419999999999902,4.485799999999998,-6.600000000000001,-0.569688,0
10.775099999999995,9.247,1.8000000000000007,1.295300000000001,1
10.319000000000003,-18.346099999999993,0.09999999999999787,16.24081,1
-2.997,2.0156000000000063,-1.1999999999999993,0.507518,0
6.76400000000001,8.9876,-5.0,-0.706412,0
-1.5430000000000064,8.706299999999999,1.5999999999999979,-2.90624,0
-2.661999999999992,-10.732799999999997,-2.400000000000002,6.09828,0
-14.715000000000003,11.084499999999991,5.300000000000001,-14.7292,0
-11.115000000000009,13.995800000000003,3.1999999999999993,-17.39263,0
-4.632000000000005,-1.6916000000000082,-1.1999999999999993,-0.45086000000000004,1
-2.076999999999998,-6.438299999999998,-12.700000000000003,-0.5747899999999997,0
-0.375,-2.1377999999999986,3.6999999999999993,-0.5413699999999999,1
3.6300000000000097,5.024599999999992,-4.799999999999997,-2.35707,1
-10.244,5.595100000000002,-3.5,-10.76243,1
1.3589999999999947,-8.159000000000006,0.7000000000000028,3.99061,1
0.45300000000000296,-14.056799999999996,0.5999999999999979,3.340802,1
-3.5900000000000034,14.375399999999999,-4.5,-11.189,0
-12.611000000000004,15.053399999999996,0.9000000000000021,-10.264320000000001,0
-11.660999999999987,5.126000000000005,-4.799999999999997,-6.74961,0
-11.173999999999992,7.049800000000005,4.699999999999999,-6.686819999999999,0
1.3770000000000095,-5.913200000000003,-2.6999999999999993,1.0304200000000001,1
11.744,-20.968199999999996,-5.800000000000001,21.58417,0
1.3290000000000077,-0.7559000000000111,7.300000000000004,-0.0019099999999996342,0
-11.822000000000003,6.972700000000003,4.799999999999997,-10.40467,0
-6.091000000000008,0.102800000000002,1.1999999999999993,-2.607761,0
7.474000000000004,-3.5150999999999897,4.900000000000002,6.93905,1
-0.710000000000008,3.4200000000000017,2.3000000000000007,-0.26793,0
8.988,-6.430000000000007,9.399999999999999,11.65359,1
10.304000000000002,5.2305999999999955,6.400000000000002,4.345632,1
-2.6670000000000016,0.9294000000000011,7.5000000000000036,-0.35255000000000036,0
6.091999999999999,10.754000000000005,2.1000000000000014,-2.6598870000000003,1
-6.538000000000011,2.9240999999999957,8.100000000000001,-2.431445,0
-3.2650000000000006,0.3539000000000101,1.0,-1.01411,0
-12.405999999999992,1.8680999999999983,0.3999999999999986,-6.78563,0
3.4650000000000034,-6.7309999999999945,-0.20000000000000284,9.187100000000001,1
1.88900000000001,-1.0781999999999954,0.8000000000000007,9.697101,0
-4.177000000000007,4.636899999999997,4.699999999999999,-6.99237,0
-8.352999999999994,-3.4549999999999983,-14.600000000000001,-6.71557,1
1.9279999999999973,15.236699999999999,1.1999999999999993,-7.648,0
2.0900000000000034,5.399500000000003,-0.7999999999999972,1.69225,0
1.4159999999999968,8.934399999999997,-3.3999999999999986,-6.20822,0
5.176000000000002,-4.944500000000005,0.5,6.79924,1
-9.417999999999992,-0.7254999999999967,-4.200000000000003,-1.6289499999999997,0
6.687999999999988,7.361800000000002,7.399999999999999,3.0785699999999996,0
7.896000000000001,-18.913399999999996,-3.900000000000002,16.91309,1
-11.489999999999995,-4.357600000000005,4.899999999999999,-4.40362,0
-3.031000000000006,-3.063999999999993,5.300000000000001,2.6237600000000003,1
-6.0589999999999975,-4.0075999999999965,0.1999999999999993,-0.23344999999999994,0
-4.293000000000006,0.41089999999999804,-6.5,-5.4015699999999995,1
-4.900999999999996,3.1381000000000085,3.6000000000000014,-5.6104970000000005,0
9.575000000000003,-2.138999999999996,-1.7999999999999972,4.655791,1
-2.8119999999999976,-8.236400000000003,1.5,-1.9093399999999998,0
-8.251999999999995,-10.5047,2.599999999999998,1.7583200000000003,0
1.796999999999997,1.7628999999999877,-5.100000000000001,-1.81177,0
5.893000000000001,-7.762799999999999,0.8999999999999986,5.34981,1
1.8359999999999985,10.605499999999992,1.1000000000000014,-4.386940000000001,1
-5.308000000000007,0.4993999999999943,-1.7999999999999972,-4.5391900000000005,1
-1.9529999999999887,-6.715299999999999,4.0,2.1758299999999995,1
-1.6880000000000024,-7.776899999999998,0.5,-1.6113300000000006,1
1.4009999999999962,1.0855999999999995,-4.900000000000002,0.48140999999999945,1
3.0849999999999937,9.113399999999999,-0.1999999999999993,-3.87602,1
-4.228000000000009,-3.7179,2.6000000000000014,3.49579,1
-2.3359999999999985,9.664599999999993,2.6999999999999993,-1.3742199999999998,0
3.25,6.2383000000000095,-0.7000000000000028,-0.9348200000000002,0
-10.706000000000003,-1.6821000000000055,0.0,0.6207200000000004,0
8.691999999999993,4.511700000000005,-1.2000000000000028,-0.45076000000000005,1
-8.473799999999997,-8.39,-2.6000000000000014,0.5310000000000006,1
-4.628,-0.8418999999999954,-1.5999999999999979,-1.0195560000000001,0
-4.6484999999999985,-0.6919999999999931,3.8999999999999986,4.73133,1
15.387,-14.398900000000012,-6.099999999999998,13.120519999999999,1
-16.509,4.909299999999988,0.7000000000000028,-9.03657,0
-1.7269999999999897,-2.5016999999999996,-1.7000000000000028,0.13543000000000038,0
12.822999999999993,2.900199999999998,-5.699999999999999,4.407120000000001,0
12.567999999999998,-2.5652999999999935,-2.900000000000002,1.8222870000000002,1
18.230000000000004,-2.7960000000000065,-0.1999999999999993,9.00958,1
-5.3629999999999995,17.525000000000006,-4.299999999999997,-13.9206,0
1.230000000000004,-8.915999999999997,-5.399999999999999,3.7462904,1
1.066999999999993,-2.021500000000003,0.6000000000000014,-0.7797559999999999,1
2.6569999999999965,0.20659999999999457,1.1999999999999993,3.205488,0
22.983800000000002,-10.9773,-4.0,18.63637,1
-13.866,1.9299999999999926,-1.5,-7.04187,1
-0.7780000000000058,-0.43890000000000384,-0.5999999999999979,-3.3835100000000002,1
-18.945499999999996,10.72959999999999,1.6999999999999993,-14.491219999999998,0
-3.834000000000003,0.32030000000000314,-3.200000000000003,0.4432529999999999,0
1.926000000000002,3.3803000000000054,-2.5,-0.20848,0
12.299999999999997,-3.0010000000000048,4.5,5.03811,1
-19.682000000000002,1.9680000000000035,-2.099999999999998,-8.67919,0
-3.757000000000005,-1.4183999999999912,0.3999999999999986,0.44433999999999996,0
-2.2449999999999903,-1.560600000000008,-4.100000000000001,-1.0946799999999999,1
20.024,-23.011899999999997,-4.800000000000001,18.22054,1
-16.973,3.270399999999995,-2.3999999999999986,-4.8697799999999996,0
-4.147000000000006,4.734799999999993,7.899999999999999,0.024049999999999905,1
-15.518,19.087599999999995,-5.300000000000001,-18.70492,0
-6.981999999999999,1.5600000000000023,3.1999999999999993,-1.5257599999999998,1
13.149000000000001,-6.907600000000002,4.100000000000001,13.19155,1
-0.9909999999999997,-3.639799999999994,-1.5,-0.03204999999999991,1
27.082499999999996,-11.952700000000007,-8.499999999999996,18.67877,1
1.2280000000000086,12.428299999999993,2.6000000000000014,-4.96166,0
-1.7199999999999989,-3.168199999999999,2.400000000000002,2.0083948,0
-0.8590000000000089,-3.1403000000000105,1.7999999999999972,-2.241299,0
-11.102999999999994,8.053700000000006,-6.0,-7.92437,1
3.7680000000000007,-7.334900000000005,-5.300000000000001,2.53161,1
7.475999999999999,-2.618399999999994,-2.400000000000002,3.05117,1
9.805999999999997,4.8466999999999985,1.1999999999999993,-1.3822899999999998,1
-18.688999999999993,-4.028599999999997,4.0,-7.65771,0
-0.7669999999999959,9.048699999999997,-4.399999999999999,-4.442170000000001,0
5.368000000000009,-5.47999999999999,0.3000000000000007,3.8288520000000004,1
5.862000000000009,0.7897000000000105,-4.800000000000001,7.1787410000000005,1
-0.7090000000000032,-6.083999999999989,-1.9000000000000021,4.941153,1
14.863,3.667500000000004,0.6999999999999993,1.85908,1
4.897000000000006,3.5574000000000012,0.29999999999999716,3.4318100000000005,0
-12.304999999999993,7.556100000000001,1.1000000000000014,-10.12809,0
9.423000000000002,-5.225999999999999,-1.8000000000000007,2.14365,1
1.9380000000000024,-13.544600000000003,3.3000000000000007,10.0113748,1
0.3269999999999982,-3.7479999999999905,6.100000000000001,4.87482,1
11.167999999999992,-6.837700000000012,-2.3000000000000007,7.533289999999999,1
2.060999999999993,-6.9833,4.5,4.88507,1
-6.873999999999995,-8.211299999999994,-7.199999999999999,3.68176,0
-2.8529999999999944,4.134500000000003,3.3000000000000007,-3.81243,1
15.997,-2.871600000000001,-2.0,9.06512,1
12.090000000000003,13.402000000000001,-3.099999999999998,-0.7179800000000007,1
-1.6230000000000047,-8.992599999999996,5.300000000000001,6.43487,0
-4.399000000000001,4.2346,-1.6999999999999993,-6.9759079999999996,1
-2.468999999999994,4.606400000000008,3.3999999999999986,-8.23599,0
-5.765000000000001,-6.6143,3.3000000000000007,1.2068700000000003,1
-8.409999999999997,-5.084400000000002,-4.299999999999997,-2.26622,0
2.263999999999996,-9.799899999999994,0.3999999999999986,5.6809,1
-7.034999999999997,3.635000000000005,3.200000000000003,-3.9425679999999996,1
10.107,4.018899999999988,-3.8999999999999986,5.02363,1
1.9009999999999962,-11.213899999999995,-4.199999999999999,7.93069,1
11.789999999999992,-4.64670000000001,-4.800000000000001,11.049458,1
1.945999999999998,-3.19019999999999,2.3999999999999986,0.6120000000000001,1
0.605000000000004,-2.7009999999999934,0.9000000000000021,1.9986999999999995,1
-10.424999999999997,-4.014399999999995,4.100000000000001,-0.379509,0
1.4439999999999884,0.9329999999999927,-0.5,-0.16142000000000145,0
-0.5879999999999939,-2.0448999999999984,-3.8999999999999986,0.261752,1
-2.320999999999998,1.7886000000000024,2.299999999999997,-2.8192600000000003,1
-26.829000000000008,16.276300000000006,1.1000000000000014,-22.8138,0
-10.835000000000008,-3.5371000000000095,4.0,-3.7719900000000006,0
-0.4510000000000076,-2.764499999999998,-0.09999999999999787,2.44264,0
12.810000000000002,3.496700000000004,6.599999999999998,0.49449999999999994,0
-9.079000000000008,0.25140000000000384,5.0,-0.7768299999999999,0
-23.658999999999992,18.55550000000001,1.0999999999999979,-19.2119,0
-3.4440000000000026,4.160199999999989,1.3000000000000007,-5.1467529999999995,1
-2.739999999999995,3.610900000000001,-1.5999999999999979,-5.898960000000001,0
-7.891000000000005,8.784400000000005,0.9000000000000021,-6.61625,0
0.855000000000004,-19.049499999999995,3.900000000000002,14.24467,1
-8.192999999999998,18.0574,-4.0,-18.89642,0
2.0360000000000014,-9.897599999999997,2.1000000000000014,8.023859999999999,1
13.719999999999999,-9.093100000000007,0.10000000000000142,9.00102,1
3.334000000000003,11.083700000000007,0.5,-1.6238299999999999,0
-11.219999999999999,12.2804,2.3000000000000007,-9.56227,0
-21.001999999999995,7.975099999999998,-1.2999999999999972,-14.122900000000001,0
-11.449000000000012,9.457300000000004,1.5,-7.026529999999999,0
-2.8870000000000005,-1.07650000000001,-1.0,1.0231600000000003,0
-5.239000000000004,0.35320000000000107,6.4999999999999964,4.196458,0
-4.01100000000001,-0.362000000000009,4.0,-0.09460999999999986,0
30.296000000000006,-15.733900000000006,-0.5999999999999979,17.54325,1
-20.953000000000003,15.539699999999996,5.600000000000001,-16.43625,0
5.688000000000002,-0.46399999999999864,0.3000000000000007,3.559987,1
-9.322000000000003,11.009,-1.2999999999999972,-9.5657,0
-16.908,1.7563999999999993,5.300000000000001,-9.758220000000001,0
-10.763999999999996,8.0612,0.6999999999999993,-7.68774,0
11.289000000000001,-13.167699999999996,-4.800000000000001,15.473749999999999,1
-0.046999999999997044,-2.7801999999999936,3.5,3.57005,1
4.158000000000001,1.6082999999999998,5.199999999999999,0.8958399999999997,0
4.400999999999996,-2.8225999999999942,1.0,5.96489,1
4.454999999999998,8.1665,5.099999999999998,-2.79585,0
-0.7650000000000006,-5.4809999999999945,-0.09999999999999787,6.477270000000001,0
-9.274000000000001,5.713700000000003,-2.5,-9.654589999999999,0
3.686000000000007,3.4594000000000023,-0.3000000000000007,-1.74599,1
0.10900000000000887,9.361000000000004,-1.7000000000000028,-8.72186,0
0.3170000000000073,0.2668999999999926,-2.1999999999999993,-1.3806700000000003,0
11.741,-0.3259999999999934,-2.0,5.319293,1
2.216000000000008,-2.459699999999998,0.5,5.45331,1
12.960000000000008,-0.16140000000000043,2.6000000000000014,3.1232599999999997,1
13.591999999999999,3.6554,4.799999999999997,5.72268,1
8.449000000000012,1.1777999999999906,-1.2000000000000028,-0.36014000000000035,1
9.25500000000001,-8.296900000000008,-3.599999999999998,7.412279999999999,1
-7.007999999999996,7.040700000000001,-1.1999999999999993,-8.89309,0
-0.9189999999999969,-0.008499999999997954,-0.5999999999999979,-1.6467800000000001,0
-1.2369999999999948,6.88369999999999,-2.3999999999999986,-4.3910979999999995,0
-4.950000000000003,3.0948999999999955,1.1000000000000014,-5.73137,0
-0.04599999999999227,3.7373000000000047,2.5,-0.4995699999999994,1
0.9419999999999931,-3.595100000000002,3.0,5.29703,1
5.650000000000006,-5.391599999999997,-0.5999999999999979,4.02809,1
-9.164000000000001,-2.0884999999999962,-0.8000000000000007,-5.98391,0
-12.341999999999999,-2.0623999999999967,1.5999999999999979,-4.46495,0
-11.973000000000013,0.964800000000011,0.5,-5.8584,0
0.9100000000000108,12.027100000000004,1.0999999999999979,-6.61168,0
2.0,4.712000000000003,5.699999999999999,-3.5272299999999994,0
-3.271000000000001,-6.617999999999995,3.900000000000002,3.70566,1
2.8300000000000125,-4.608800000000002,-2.099999999999998,-0.6428900000000013,1
-1.722999999999999,3.3965999999999923,-0.6999999999999993,-5.31015,0
10.420000000000002,0.642399999999995,5.0,4.24465,1
4.533999999999992,-4.5301000000000045,-1.6999999999999993,2.20876,1
0.10299999999999443,1.2066000000000088,-0.6999999999999993,-1.5579,1
-5.876000000000019,-4.6666000000000025,1.3000000000000007,2.0623900000000006,1
-3.0940000000000083,-6.832800000000006,-0.3999999999999986,0.39090000000000025,0
20.95299999999999,-18.1032,-4.199999999999999,21.44764,1
-10.35799999999999,-1.9446000000000083,-0.8000000000000007,-0.5167600000000001,1
10.033000000000001,-4.475500000000011,3.8999999999999986,12.53952,1
-10.323999999999998,5.948599999999999,-2.900000000000002,-8.56861,0
-7.259,3.2131000000000114,4.900000000000002,-4.254488,0
11.492999999999995,-9.840499999999992,-3.099999999999998,10.79898,1
-4.557999999999993,3.9059999999999917,-3.8999999999999986,-1.49451,0
16.174999999999997,-14.038300000000007,1.1999999999999993,17.57451,1
24.63900000000001,-19.0873,-9.999999999999996,21.09089,1
-5.563999999999993,-3.2002999999999986,-2.3000000000000007,1.2290100000000002,0
-14.317999999999998,2.7671999999999883,3.3999999999999986,-6.59754,0
-6.522999999999996,15.5227,3.900000000000002,-13.607050000000001,0
-2.1289999999999907,3.0360000000000014,1.7999999999999972,-3.2102500000000003,1
-25.386999999999986,7.178300000000007,3.5,-12.56652,0
0.4930000000000092,3.8819000000000017,8.7,-2.41376,1
16.510999999999996,-13.78370000000001,6.699999999999999,17.860500000000002,1
23.287999999999997,-18.389200000000002,-5.700000000000003,19.44285,1
-3.429000000000002,-1.5479999999999876,-0.5000000000000036,-0.049900000000000055,0
-11.492000000000004,5.862000000000009,3.5,-6.809559999999999,1
-21.067999999999998,0.19499999999999318,-6.199999999999999,-11.27638,0
-0.7219999999999942,2.075000000000003,-2.400000000000002,-4.758431,1
-9.503,15.493899999999996,5.400000000000002,-15.344909999999999,0
1.141999999999996,-1.5990000000000038,-5.099999999999998,2.69605,1
-18.63300000000001,16.858000000000004,6.600000000000001,-16.15617,0
24.17,-15.191900000000004,-4.300000000000001,20.86566,1
-4.844999999999999,-2.51400000000001,-7.899999999999999,-0.7299599999999999,1
-9.109000000000009,6.563299999999998,-0.20000000000000284,-5.2590449999999995,0
16.343000000000004,-2.094999999999999,2.299999999999997,11.21679,1
4.813000000000002,-12.075600000000009,-0.20000000000000284,1.6614199999999997,1
-9.89500000000001,13.182200000000009,0.0,-14.331420000000001,0
5.094999999999999,3.7738999999999976,2.1999999999999957,-1.15136,0
-15.969999999999999,19.23599999999999,1.7999999999999972,-13.047930000000001,0
-13.305999999999983,8.83659999999999,4.399999999999999,-11.29545,0
-1.9849999999999994,0.2682000000000073,-0.09999999999999787,-0.9945300000000001,0
1.115000000000009,1.983399999999989,4.299999999999997,-3.44613,0
-1.4629999999999939,-6.800300000000007,-3.6999999999999993,5.22667,1
-3.966000000000008,7.931299999999993,3.1999999999999993,-6.584099999999999,1
10.26700000000001,5.864500000000007,3.900000000000002,-0.15610000000000035,0
12.660999999999987,-4.827300000000008,-2.8999999999999986,4.8487800000000005,1
-5.47999999999999,9.038700000000006,1.6000000000000014,-7.40194,0
-3.905000000000001,10.700199999999995,5.300000000000004,-9.67247,0
12.24600000000001,-5.8629999999999995,-0.5,8.97187,1
3.7180000000000035,12.378900000000002,1.0,-7.5765709999999995,1
-12.224000000000018,1.1950000000000074,-0.09999999999999787,-5.34018,0
-8.143,11.210899999999995,-0.6999999999999993,-12.12379,0
3.209000000000003,3.9872999999999905,2.6999999999999957,1.4914800000000001,1
-0.7650000000000006,-0.3224000000000018,-1.3000000000000007,-3.6469000000000005,1
-3.852000000000004,7.353099999999998,2.0,-4.09943,0
-8.35499999999999,3.287399999999991,5.399999999999999,-6.40737,0
0.1740000000000066,-1.2018000000000058,6.099999999999998,1.3968300000000005,1
-4.920000000000002,-6.708699999999993,-0.3000000000000007,5.50798,0
-6.606999999999999,-5.824399999999997,3.8999999999999986,2.436609999999999,0
1.007000000000005,10.253200000000007,4.300000000000001,-6.12572,0
9.284000000000006,-6.141000000000005,-0.5,9.399661,1
-1.862000000000009,-11.758899999999997,-5.099999999999998,7.44706,1
-2.271000000000001,2.8943999999999903,-0.20000000000000284,-3.2761900000000006,1
5.0649999999999835,-4.177899999999994,-3.8999999999999986,4.82776,0
9.817999999999998,-1.9893,-1.0,4.612120000000001,1
6.381000000000014,8.864199999999997,-0.5,-4.4757,0
-6.158999999999992,4.476299999999995,0.1999999999999993,-9.87893,0
-8.85199999999999,-3.2309999999999945,1.6999999999999993,2.28113,1
0.7199999999999989,-0.34969999999999857,0.8000000000000007,0.33029999999999937,1
-4.557999999999993,3.9425999999999988,1.0,-5.153559999999999,0
